Content,ID,Chunks Cached
cat_image49.jpg,143,4
dog_image42.jpg,186,4
dog_image15.jpg,156,4
cat_image10.jpg,101,4
dog_image29.jpg,171,4
cat_image32.jpg,125,4
dog_image31.jpg,174,4
dog_image4.jpg,183,4
dog_image17.jpg,158,4
dog_image44.jpg,188,4
dog_image26.jpg,168,4
cat_image31.jpg,124,4
dog_image12.jpg,153,4
dog_image20.jpg,162,4
dog_image6.jpg,196,4
cat_image25.jpg,117,4
dog_image23.jpg,165,4
cat_image17.jpg,108,4
cat_image19.jpg,110,4
dog_image36.jpg,179,4
cat_image38.jpg,131,4
cat_image4.jpg,133,4
dog_image32.jpg,175,4
cat_image22.jpg,114,4
cat_image23.jpg,115,4
dog_image14.jpg,155,4
dog_image33.jpg,176,4
dog_image47.jpg,191,4
cat_image18.jpg,109,4
cat_image2.jpg,111,4
dog_image45.jpg,189,4
dog_image18.jpg,159,4
dog_image34.jpg,177,4
dog_image19.jpg,160,4
cat_image29.jpg,121,4
dog_image30.jpg,173,4
dog_image21.jpg,163,4
dog_image50.jpg,195,4
dog_image46.jpg,190,4
cat_image27.jpg,119,4
cat_image33.jpg,126,4
cat_image39.jpg,132,4
cat_image47.jpg,141,4
dog_image1.jpg,150,4
dog_image49.jpg,193,4
cat_image37.jpg,130,4
dog_image2.jpg,161,4
cat_image12.jpg,103,4
dog_image11.jpg,152,4
dog_image39.jpg,182,4
cat_image40.jpg,134,4
dog_image10.jpg,151,4
cat_image46.jpg,140,4
cat_image45.jpg,139,4
cat_image50.jpg,145,4
cat_image30.jpg,123,4
dog_image40.jpg,184,4
cat_image36.jpg,129,4
cat_image35.jpg,128,4
