iteration,seed,num_publishers,num_users,arrival_window_used,chunking_mode,auth_mode,lmm,avg_hops,avg_delay,avg_success_rate
1,1200,4,2,20.0,with_chunking,with_auth,LMM-1,10.25,10.287500000000005,0.7203784376724187
1,1200,4,2,20.0,with_chunking,with_auth,LMM-2,10.25,10.287500000000005,0.7203784376724187
1,1200,4,4,20.0,with_chunking,with_auth,LMM-1,10.25,10.287500000000005,0.6844397394580458
1,1200,4,4,20.0,with_chunking,with_auth,LMM-2,10.25,5.287500000000007,0.7203784376724187
1,1200,4,6,20.0,with_chunking,with_auth,LMM-1,10.25,10.287500000000005,0.6376117683427445
1,1200,4,6,20.0,with_chunking,with_auth,LMM-2,10.25,8.065277777777782,0.686391216288938
1,1200,4,8,20.0,with_chunking,with_auth,LMM-1,10.25,10.287500000000005,0.609309235236021
1,1200,4,8,20.0,with_chunking,with_auth,LMM-2,10.25,6.537500000000002,0.6873669547043839
1,1200,6,2,20.0,with_chunking,with_auth,LMM-1,9.166666666666668,9.258333333333336,0.7072116179713801
1,1200,6,2,20.0,with_chunking,with_auth,LMM-2,9.166666666666668,9.258333333333336,0.7071889303606627
1,1200,6,4,20.0,with_chunking,with_auth,LMM-1,9.166666666666668,9.258333333333336,0.6800441112002256
1,1200,6,4,20.0,with_chunking,with_auth,LMM-2,9.229166666666668,7.0468750000000036,0.6777803725182783
1,1200,6,6,20.0,with_chunking,with_auth,LMM-1,9.166666666666666,9.258333333333338,0.6499594348833724
1,1200,6,6,20.0,with_chunking,with_auth,LMM-2,8.833333333333334,6.719444444444448,0.6963212479298211
1,1200,6,8,20.0,with_chunking,with_auth,LMM-1,9.166666666666668,9.258333333333338,0.6257970403295701
1,1200,6,8,20.0,with_chunking,with_auth,LMM-2,8.916666666666668,6.520833333333339,0.6904556170584822
1,1200,8,2,20.0,with_chunking,with_auth,LMM-1,7.916666666666667,8.070833333333336,0.7511966718032387
1,1200,8,2,20.0,with_chunking,with_auth,LMM-2,7.666666666666667,7.8333333333333375,0.7619006000882029
1,1200,8,4,20.0,with_chunking,with_auth,LMM-1,8.0,8.150000000000004,0.693756705875326
1,1200,8,4,20.0,with_chunking,with_auth,LMM-2,7.791666666666667,6.877083333333338,0.709323987692567
1,1200,8,6,20.0,with_chunking,with_auth,LMM-1,8.027777777777779,8.176388888888892,0.6483152798477299
1,1200,8,6,20.0,with_chunking,with_auth,LMM-2,7.625,5.583101851851854,0.687123600071432
1,1200,8,8,20.0,with_chunking,with_auth,LMM-1,8.0,8.150000000000004,0.6295641089440589
1,1200,8,8,20.0,with_chunking,with_auth,LMM-2,7.729166666666666,5.21666666666667,0.6754954727576183
1,1200,10,2,20.0,with_chunking,with_auth,LMM-1,7.333333333333333,7.51666666666667,0.7670339948198417
1,1200,10,2,20.0,with_chunking,with_auth,LMM-2,6.875,7.081250000000003,0.7917390632322778
1,1200,10,4,20.0,with_chunking,with_auth,LMM-1,7.458333333333333,7.6354166666666705,0.7009867599764004
1,1200,10,4,20.0,with_chunking,with_auth,LMM-2,7.125,6.3625000000000025,0.7399011064809184
1,1200,10,6,20.0,with_chunking,with_auth,LMM-1,7.458333333333334,7.635416666666671,0.6675467958560031
1,1200,10,6,20.0,with_chunking,with_auth,LMM-2,7.027777777777777,5.616666666666669,0.7389333582914528
1,1200,10,8,20.0,with_chunking,with_auth,LMM-1,7.458333333333333,7.63541666666667,0.634074773124687
1,1200,10,8,20.0,with_chunking,with_auth,LMM-2,7.0625,4.5937500000000036,0.7389470999401349
2,1201,4,2,20.0,with_chunking,with_auth,LMM-1,11.0,11.000000000000007,0.7060865110019592
2,1201,4,2,20.0,with_chunking,with_auth,LMM-2,11.0,11.000000000000007,0.7060865110019592
2,1201,4,4,20.0,with_chunking,with_auth,LMM-1,11.0,11.000000000000005,0.6644054324922773
2,1201,4,4,20.0,with_chunking,with_auth,LMM-2,11.0,6.000000000000007,0.7060865110019592
2,1201,4,6,20.0,with_chunking,with_auth,LMM-1,11.0,11.000000000000005,0.6252259897951341
2,1201,4,6,20.0,with_chunking,with_auth,LMM-2,11.0,8.777777777777782,0.666660179562711
2,1201,4,8,20.0,with_chunking,with_auth,LMM-1,11.0,11.000000000000005,0.5911945338763407
2,1201,4,8,20.0,with_chunking,with_auth,LMM-2,11.0,7.2500000000000036,0.6677875530979276
2,1201,6,2,20.0,with_chunking,with_auth,LMM-1,10.25,10.287500000000005,0.7364127295658892
2,1201,6,2,20.0,with_chunking,with_auth,LMM-2,10.25,10.287500000000005,0.7364127295658892
2,1201,6,4,20.0,with_chunking,with_auth,LMM-1,10.25,10.287500000000005,0.7053572258807994
2,1201,6,4,20.0,with_chunking,with_auth,LMM-2,10.25,5.400000000000006,0.7364127295658892
2,1201,6,6,20.0,with_chunking,with_auth,LMM-1,10.25,10.287500000000005,0.6606500629418001
2,1201,6,6,20.0,with_chunking,with_auth,LMM-2,10.25,8.065277777777782,0.6995869612456098
2,1201,6,8,20.0,with_chunking,with_auth,LMM-1,10.25,10.287500000000005,0.6405875131208351
2,1201,6,8,20.0,with_chunking,with_auth,LMM-2,10.25,6.593750000000002,0.7006429242205973
2,1201,8,2,20.0,with_chunking,with_auth,LMM-1,8.25,8.387500000000003,0.7883646187230017
2,1201,8,2,20.0,with_chunking,with_auth,LMM-2,8.25,8.387500000000003,0.7883646187230017
2,1201,8,4,20.0,with_chunking,with_auth,LMM-1,9.0625,9.159375000000004,0.6415972226862854
2,1201,8,4,20.0,with_chunking,with_auth,LMM-2,8.3125,6.059375000000003,0.7459902301530597
2,1201,8,6,20.0,with_chunking,with_auth,LMM-1,9.083333333333334,9.17916666666667,0.5863748995593685
2,1201,8,6,20.0,with_chunking,with_auth,LMM-2,8.819444444444445,6.7062500000000025,0.6542691497097168
2,1201,8,8,20.0,with_chunking,with_auth,LMM-1,9.083333333333332,9.17916666666667,0.5528487552519058
2,1201,8,8,20.0,with_chunking,with_auth,LMM-2,8.614583333333334,5.694270833333336,0.6761953273916057
2,1201,10,2,20.0,with_chunking,with_auth,LMM-1,7.375,7.556250000000004,0.832880424669199
2,1201,10,2,20.0,with_chunking,with_auth,LMM-2,7.25,7.4375000000000036,0.8372134216637572
2,1201,10,4,20.0,with_chunking,with_auth,LMM-1,7.625,7.793750000000004,0.765235550620516
2,1201,10,4,20.0,with_chunking,with_auth,LMM-2,7.458333333333334,7.63541666666667,0.7938569924325305
2,1201,10,6,20.0,with_chunking,with_auth,LMM-1,7.638888888888889,7.806944444444449,0.7314300137497289
2,1201,10,6,20.0,with_chunking,with_auth,LMM-2,7.5,5.481712962962964,0.7743292517364104
2,1201,10,8,20.0,with_chunking,with_auth,LMM-1,7.666666666666667,7.8333333333333375,0.6955093045581154
2,1201,10,8,20.0,with_chunking,with_auth,LMM-2,7.5,4.979687500000003,0.7751455535935304
3,1202,4,2,20.0,with_chunking,with_auth,LMM-1,11.875,11.831250000000008,0.6786512843751004
3,1202,4,2,20.0,with_chunking,with_auth,LMM-2,11.875,11.831250000000008,0.6786512843751004
3,1202,4,4,20.0,with_chunking,with_auth,LMM-1,11.875,11.831250000000004,0.6436304632995891
3,1202,4,4,20.0,with_chunking,with_auth,LMM-2,11.875,6.831250000000008,0.67881360310063
3,1202,4,6,20.0,with_chunking,with_auth,LMM-1,11.875,11.831250000000004,0.6121096862064713
3,1202,4,6,20.0,with_chunking,with_auth,LMM-2,11.875,7.620833333333339,0.6672729228876941
3,1202,4,8,20.0,with_chunking,with_auth,LMM-1,11.875,11.831250000000004,0.580842388258007
3,1202,4,8,20.0,with_chunking,with_auth,LMM-2,11.875,6.485937500000006,0.6676575702392354
3,1202,6,2,20.0,with_chunking,with_auth,LMM-1,9.75,9.812500000000007,0.7403970985105338
3,1202,6,2,20.0,with_chunking,with_auth,LMM-2,9.75,9.812500000000007,0.7403970985105338
3,1202,6,4,20.0,with_chunking,with_auth,LMM-1,9.75,9.812500000000004,0.7080492474875031
3,1202,6,4,20.0,with_chunking,with_auth,LMM-2,9.75,7.5437500000000055,0.727853298488963
3,1202,6,6,20.0,with_chunking,with_auth,LMM-1,9.75,9.812500000000004,0.6732976813527348
3,1202,6,6,20.0,with_chunking,with_auth,LMM-2,9.75,6.695138888888891,0.720335774968053
3,1202,6,8,20.0,with_chunking,with_auth,LMM-1,9.75,9.812500000000004,0.6430027371283447
3,1202,6,8,20.0,with_chunking,with_auth,LMM-2,9.75,6.079687500000006,0.7199208879269181
3,1202,8,2,20.0,with_chunking,with_auth,LMM-1,9.041666666666666,9.139583333333338,0.7277027050518117
3,1202,8,2,20.0,with_chunking,with_auth,LMM-2,8.666666666666666,8.783333333333339,0.7443762807018326
3,1202,8,4,20.0,with_chunking,with_auth,LMM-1,9.125,9.218750000000004,0.6978838654331045
3,1202,8,4,20.0,with_chunking,with_auth,LMM-2,8.833333333333334,5.616666666666672,0.709070948313606
3,1202,8,6,20.0,with_chunking,with_auth,LMM-1,9.291666666666668,9.377083333333339,0.6278020909909496
3,1202,8,6,20.0,with_chunking,with_auth,LMM-2,8.930555555555555,6.823379629629633,0.6837231351766251
3,1202,8,8,20.0,with_chunking,with_auth,LMM-1,9.291666666666666,9.377083333333339,0.5931832792801572
3,1202,8,8,20.0,with_chunking,with_auth,LMM-2,8.864583333333332,5.727604166666669,0.686105929531297
3,1202,10,2,20.0,with_chunking,with_auth,LMM-1,7.270833333333333,7.45729166666667,0.7274595164330816
3,1202,10,2,20.0,with_chunking,with_auth,LMM-2,6.791666666666666,7.002083333333337,0.7706040974127928
3,1202,10,4,20.0,with_chunking,with_auth,LMM-1,7.458333333333334,7.6354166666666705,0.6775080728035396
3,1202,10,4,20.0,with_chunking,with_auth,LMM-2,6.8125,6.006250000000004,0.7227676083728405
3,1202,10,6,20.0,with_chunking,with_auth,LMM-1,7.604166666666666,7.773958333333336,0.6272496840927444
3,1202,10,6,20.0,with_chunking,with_auth,LMM-2,7.125,5.194444444444446,0.7247754525302224
3,1202,10,8,20.0,with_chunking,with_auth,LMM-1,7.375,7.556250000000004,0.5986242562281836
3,1202,10,8,20.0,with_chunking,with_auth,LMM-2,7.041666666666666,4.3989583333333355,0.7369178508411202
