Name,ID,Requester
publisher1_content_45,144,Subscriber1
publisher1_content_30,129,Subscriber1
publisher2_content_41,190,Subscriber1
publisher2_content_38,187,Subscriber1
publisher1_content_43,142,Subscriber1
publisher2_content_39,188,Subscriber1
publisher2_content_26,175,Subscriber1
publisher2_content_5,154,Subscriber1
publisher2_content_16,165,Subscriber1
publisher2_content_21,170,Subscriber1
publisher1_content_15,114,Subscriber1
publisher2_content_31,180,Subscriber1
publisher2_content_50,199,Subscriber1
publisher1_content_11,110,Subscriber1
publisher1_content_38,137,Subscriber1
publisher2_content_29,178,Subscriber1
publisher1_content_39,138,Subscriber1
publisher1_content_35,134,Subscriber1
