Policy,Iteration,Cache Hit Ratio,Latency,Hop Reduction
LRU,1,0.0,0.01833565240544639,0.6
LRU,2,0.0,0.004648547371551958,0.6
LRU,3,0.0,0.0031726381522083577,0.5
LRU,4,0.0,0.010459118368364285,0.5
LRU,5,0.0,0.007474978414965157,0.5
LRU,6,0.0,0.0013397849841878231,0.5
LRU,7,0.0,0.005162384884266438,0.5
LRU,8,0.0,0.0020704349417556304,0.5
LRU,9,0.0,0.0008401936724790923,0.5
LRU,10,0.0,0.003773678059817804,0.5
LRU,11,0.0,0.0018163045650376236,0.5
LRU,12,0.0,0.0009071043720113499,0.5
LRU,13,0.0,0.002373792301587201,0.5333333333333333
LRU,14,0.0,0.0007524625243691325,0.5333333333333333
LRU,15,0.0,0.0023641602943841136,0.5333333333333333
LRU,16,0.0,0.002171329226246784,0.5333333333333333
LRU,17,0.0,0.0006793286600496704,0.5333333333333333
LRU,18,0.0,0.0011506303018636024,0.5333333333333333
LRU,19,0.0,0.001063099242586753,0.5333333333333333
LRU,20,0.0,0.0020209693328674147,0.5333333333333333
LRU,21,2.0,0.000697604628589814,0.5333333333333333
LRU,22,1.9230769230769231,0.0013736745896734495,0.5333333333333333
LRU,23,1.8518518518518516,0.0002901711092214639,0.5333333333333333
LRU,24,1.7543859649122806,0.001345749207188075,0.5333333333333333
LRU,25,1.6666666666666667,0.0002013758817912071,0.5333333333333333
LRU,26,1.6129032258064515,0.0010801263372906382,0.5333333333333333
LRU,27,1.5384615384615385,0.0006329369699479145,0.5333333333333333
LRU,28,1.4925373134328357,0.0005505563169450346,0.5333333333333333
LRU,29,1.4492753623188406,0.00039633782582809647,0.5333333333333333
LRU,30,1.3888888888888888,0.0012321512012746902,0.5333333333333333
LRU,31,1.3513513513513513,0.001267943576532286,0.5333333333333333
LRU,32,1.2987012987012987,0.0008878780625066446,0.5333333333333333
LRU,33,1.2658227848101267,0.0006782071366372193,0.5333333333333333
LRU,34,2.4691358024691357,0.00012732144377927647,0.5333333333333333
LRU,35,2.4096385542168677,0.0007210652585113506,0.5333333333333333
LRU,36,2.3255813953488373,0.00038909424574000727,0.5333333333333333
LRU,37,3.4090909090909087,0.0007909312679045192,0.5333333333333333
LRU,38,3.3333333333333335,0.0005833831113129882,0.5333333333333333
LRU,39,3.260869565217391,0.00028235140980615073,0.5333333333333333
LRU,40,3.1578947368421053,0.0004356887918342061,0.5333333333333333
LRU,41,3.061224489795918,0.0004153670712393133,0.5333333333333333
LRU,42,4.0,0.0007007022953962292,0.5333333333333333
LRU,43,3.9215686274509802,0.0009578141673729976,0.5333333333333333
LRU,44,4.807692307692308,0.0006952798674090889,0.5333333333333333
LRU,45,5.660377358490567,0.0006332257233280456,0.5333333333333333
LRU,46,5.5045871559633035,0.0002791070752186212,0.5333333333333333
LRU,47,5.405405405405405,0.0008963912523304955,0.5333333333333333
LRU,48,5.3097345132743365,0.0007603010146984438,0.5333333333333333
LRU,49,5.172413793103448,0.0006651702467290504,0.5333333333333333
LRU,50,5.084745762711865,0.00035733146320532426,0.5333333333333333
LRU,51,5.0,0.00036954620262191697,0.5333333333333333
LRU,52,4.878048780487805,0.00013414578771983932,0.5333333333333333
LRU,53,4.761904761904762,0.0002785600084667147,0.5333333333333333
LRU,54,4.6875,0.0005064498011286648,0.5333333333333333
LRU,55,4.615384615384616,0.0005245177737144629,0.5333333333333333
LRU,56,4.545454545454546,0.00023502019748876374,0.5333333333333333
LRU,57,4.444444444444445,0.0005309499896686537,0.5333333333333333
LRU,58,4.3478260869565215,0.0006462554774958114,0.5333333333333333
LRU,59,4.964539007092199,0.00012604043944576323,0.5333333333333333
LRU,60,4.895104895104895,0.00011267082274360094,0.5333333333333333
LRU,61,4.794520547945205,0.00042732772115424225,0.5333333333333333
LRU,62,4.72972972972973,0.000635318895414628,0.5333333333333333
LRU,63,4.666666666666667,0.00014041165045691772,0.5333333333333333
LRU,64,4.57516339869281,0.00023413264311324567,0.5333333333333333
LRU,65,5.128205128205128,0.0005525135240351444,0.5333333333333333
LRU,66,5.063291139240507,0.000459774586771564,0.5333333333333333
LRU,67,5.625,0.0001829706322142109,0.5333333333333333
LRU,68,5.521472392638037,0.0004083851052664618,0.5333333333333333
LRU,69,5.454545454545454,0.00043516056621402855,0.5333333333333333
LRU,70,5.357142857142857,0.0005762096838129902,0.5333333333333333
LRU,71,5.294117647058823,0.0005428227626039929,0.5333333333333333
LRU,72,5.232558139534884,0.00026907387926466264,0.5333333333333333
LRU,73,5.172413793103448,0.00023739042409139268,0.5333333333333333
LRU,74,5.113636363636364,0.0004662544098092715,0.5333333333333333
LRU,75,5.027932960893855,8.991643175877344e-05,0.5333333333333333
LRU,76,4.945054945054945,0.0003186864929967908,0.5333333333333333
LRU,77,4.864864864864865,0.0003773716653927088,0.5333333333333333
LRU,78,4.787234042553192,0.0004900043634387453,0.5333333333333333
LRU,79,4.712041884816754,0.0003252478483091868,0.5333333333333333
LRU,80,4.639175257731959,0.0002821965481005282,0.5333333333333333
LRU,81,4.591836734693878,0.0001780547569028893,0.5333333333333333
LRU,82,4.545454545454546,0.00016330708807774674,0.5333333333333333
LRU,83,4.5,7.596802454235806e-05,0.5333333333333333
LRU,84,4.433497536945813,0.0004238833268308256,0.5333333333333333
LRU,85,4.368932038834951,0.00017032724330563536,0.5333333333333333
LRU,86,4.30622009569378,0.00022834170751391192,0.5333333333333333
LRU,87,4.245283018867925,9.382532927458246e-05,0.5333333333333333
LRU,88,4.186046511627907,0.0003217503197605908,0.5333333333333333
LRU,89,4.147465437788019,5.560056388758023e-05,0.5333333333333333
LRU,90,4.10958904109589,0.0003043346507686446,0.5333333333333333
LRU,91,4.072398190045249,0.0003611121487945648,0.5333333333333333
LRU,92,4.484304932735426,0.00023918717161975522,0.5333333333333333
LRU,93,4.424778761061947,0.00010388504449147554,0.5333333333333333
LRU,94,4.385964912280701,0.00020268907321075927,0.5333333333333333
LRU,95,4.761904761904762,0.00040183515885182315,0.5333333333333333
LRU,96,4.721030042918455,4.296132154489848e-05,0.5333333333333333
LRU,97,5.084745762711865,0.0001979143973022902,0.5333333333333333
LRU,98,5.439330543933055,0.00017792662337575712,0.5333333333333333
LRU,99,5.394190871369295,0.0003190410089058595,0.5333333333333333
LRU,100,5.349794238683128,0.00015343687007032255,0.5333333333333333
LRU,101,5.3061224489795915,0.0003415234771750325,0.5333333333333333
LRU,102,5.241935483870968,0.00012693562838709605,0.5333333333333333
LRU,103,5.179282868525896,0.00020554990981415408,0.5333333333333333
LRU,104,5.138339920948617,0.00023105040659120353,0.5333333333333333
LRU,105,5.098039215686274,8.566889321201913e-05,0.5333333333333333
LRU,106,5.058365758754864,7.458317069892619e-05,0.5333333333333333
LRU,107,5.019305019305019,0.00011547923460521002,0.5333333333333333
LRU,108,4.980842911877394,0.00019855406015331436,0.5333333333333333
LRU,109,4.942965779467681,0.0003604660067012723,0.5333333333333333
LRU,110,5.283018867924529,0.00023718669985429796,0.5333333333333333
LRU,111,5.617977528089887,0.0002575049971354326,0.5333333333333333
LRU,112,5.555555555555555,0.00011250446610010848,0.5333333333333333
LRU,113,5.514705882352941,0.00015469375275589418,0.5333333333333333
LRU,114,5.454545454545454,7.969340689390019e-05,0.5333333333333333
LRU,115,5.39568345323741,0.00011938379211989339,0.5333333333333333
LRU,116,5.338078291814947,0.0003370937847730451,0.5333333333333333
LRU,117,5.30035335689046,0.0002577014500943012,0.5333333333333333
LRU,118,5.614035087719298,3.957896695260702e-05,0.5333333333333333
LRU,119,5.555555555555555,0.00016452896907442294,0.5333333333333333
LRU,120,5.517241379310345,0.0003069300415060519,0.5333333333333333
LRU,121,5.821917808219178,0.00025680527981528485,0.5333333333333333
LRU,122,6.122448979591836,4.669533037585939e-05,0.5333333333333333
LRU,123,6.081081081081082,0.00023045633647732295,0.5333333333333333
LRU,124,6.0200668896321075,0.0003256007300658123,0.5333333333333333
LRU,125,5.960264900662252,0.00021648500687543217,0.5333333333333333
LRU,126,5.921052631578947,0.00015548059708119094,0.5333333333333333
LRU,127,5.863192182410423,0.0003177874403369519,0.5333333333333333
LRU,128,5.806451612903226,0.000143437899695796,0.5333333333333333
LRU,129,6.089743589743589,0.00017038279852516085,0.5333333333333333
LRU,130,6.031746031746032,0.00019213584582264913,0.5333333333333333
LRU,131,5.993690851735016,0.00016627511975352935,0.5333333333333333
LRU,132,5.9375,0.00030076216292565885,0.5333333333333333
LRU,133,5.88235294117647,0.00010366906850706824,0.5333333333333333
LRU,134,5.828220858895705,7.665402410530808e-05,0.5333333333333333
LRU,135,5.775075987841945,5.160707961473642e-05,0.5333333333333333
LRU,136,5.740181268882175,9.05201562048483e-05,0.5333333333333333
LRU,137,5.688622754491018,0.0001856045093004305,0.5333333333333333
LRU,138,5.654761904761905,5.198850454507053e-05,0.5333333333333333
LRU,139,5.604719764011799,0.00014883396383740717,0.5333333333333333
LRU,140,5.555555555555555,0.00016678841149734254,0.5333333333333333
LRU,141,5.523255813953488,0.00011794777653955017,0.5333333333333333
LRU,142,5.475504322766571,8.487521499457136e-05,0.5333333333333333
LRU,143,5.428571428571429,5.403672805982562e-05,0.5333333333333333
LRU,144,5.382436260623229,5.105044656151099e-05,0.5333333333333333
LRU,145,5.617977528089887,0.00012670643930769897,0.5333333333333333
LRU,146,5.58659217877095,0.0002042291530272453,0.5333333333333333
LRU,147,5.540166204986149,0.0001366919509074713,0.5333333333333333
LRU,148,5.5096418732782375,0.00022781421101913455,0.5333333333333333
LRU,149,5.7534246575342465,0.00018046571011460426,0.5333333333333333
LRU,150,5.722070844686648,0.00019366192471079034,0.5333333333333333
LRU,151,5.675675675675676,0.00014882994826908625,0.5333333333333333
LRU,152,5.898123324396782,0.00010618143211402024,0.5333333333333333
LRU,153,5.851063829787234,4.835933088139833e-05,0.5333333333333333
LRU,154,5.82010582010582,0.00023199361486692552,0.5333333333333333
LRU,155,5.7894736842105265,0.00023086694506143642,0.5333333333333333
LRU,156,5.7591623036649215,0.00017200222872068295,0.5333333333333333
LRU,157,5.729166666666666,0.0001807199247327465,0.5333333333333333
LRU,158,5.699481865284974,0.0002448672235862164,0.5333333333333333
LRU,159,5.655526992287918,0.00012940241137568287,0.5333333333333333
LRU,160,5.626598465473146,0.00011732446646932573,0.5333333333333333
LRU,161,5.583756345177665,0.00014834511430486717,0.5333333333333333
LRU,162,5.541561712846348,0.0002499692742909394,0.5333333333333333
LRU,163,5.5,0.0001637156578361789,0.5333333333333333
LRU,164,5.472636815920398,0.0001594590919048369,0.5333333333333333
LRU,165,5.445544554455446,3.0163738659412515e-05,0.5333333333333333
LRU,166,5.41871921182266,0.00014524093437556237,0.5333333333333333
LRU,167,5.392156862745098,0.00013301417610177434,0.5333333333333333
LRU,168,5.365853658536586,7.559219280787559e-05,0.5333333333333333
LRU,169,5.339805825242718,2.7336745347511518e-05,0.5333333333333333
LRU,170,5.555555555555555,0.0002386187419879574,0.5333333333333333
LRU,171,5.769230769230769,0.00018228327645324158,0.5333333333333333
LRU,172,5.741626794258373,0.00018492322268387335,0.5333333333333333
LRU,173,5.7007125890736345,0.0002124606260890803,0.5333333333333333
LRU,174,5.673758865248227,0.00023395242705496954,0.5333333333333333
LRU,175,5.647058823529412,8.844239976960322e-05,0.5333333333333333
LRU,176,5.620608899297424,0.0002032053211939108,0.5333333333333333
LRU,177,5.594405594405594,8.867532136430566e-05,0.5333333333333333
LRU,178,5.56844547563805,0.00014923562760302028,0.5333333333333333
LRU,179,5.529953917050691,4.5176457123026365e-05,0.5333333333333333
LRU,180,5.5045871559633035,6.823571233039457e-05,0.5333333333333333
LRU,181,5.466970387243736,0.00010438687870928813,0.5333333333333333
LRU,182,5.442176870748299,0.00011677716422660848,0.5333333333333333
LRU,183,5.417607223476298,9.891522575436543e-05,0.5333333333333333
LRU,184,5.381165919282512,0.00014879608443146323,0.5333333333333333
LRU,185,5.357142857142857,9.091741771542977e-05,0.5333333333333333
LRU,186,5.555555555555555,9.584882859086188e-05,0.5333333333333333
LRU,187,5.530973451327434,0.00015773967955700174,0.5333333333333333
LRU,188,5.4945054945054945,0.0001816711019989397,0.5333333333333333
LRU,189,5.689277899343545,5.378300097577028e-05,0.5333333333333333
LRU,190,5.664488017429194,0.00019636940890516483,0.5333333333333333
LRU,191,5.639913232104121,0.0001241571562430509,0.5333333333333333
LRU,192,5.831533477321814,0.00014576586164983225,0.5333333333333333
LRU,193,5.806451612903226,0.00018646134949847868,0.5333333333333333
LRU,194,5.769230769230769,5.44638765826773e-05,0.5333333333333333
LRU,195,5.957446808510639,5.280217417972201e-05,0.5333333333333333
LRU,196,5.9196617336152215,8.405189949073911e-05,0.5333333333333333
LRU,197,5.894736842105263,6.299835399885931e-05,0.5333333333333333
LRU,198,5.870020964360587,0.0001892200102503287,0.5333333333333333
LRU,199,5.845511482254697,7.333180526871592e-05,0.5333333333333333
LRU,200,5.8212058212058215,0.00020342770493129934,0.5333333333333333
LFU,1,0.0,0.019696833859138844,0.6
LFU,2,0.0,0.020688025719089138,0.6
LFU,3,0.0,0.009260643863395323,0.6
LFU,4,0.0,0.0031637208861828342,0.6
LFU,5,0.0,0.002559519034636199,0.6
LFU,6,0.0,0.002865835839982536,0.6
LFU,7,0.0,0.0018635229293240754,0.5333333333333333
LFU,8,0.0,0.0041908336729821125,0.5333333333333333
LFU,9,0.0,0.0048086660641203476,0.5333333333333333
LFU,10,0.0,0.0017030348792025053,0.5333333333333333
LFU,11,0.0,0.003595641303606374,0.5333333333333333
LFU,12,0.0,0.0013709598231596285,0.5333333333333333
LFU,13,0.0,0.0003882404665159291,0.5333333333333333
LFU,14,0.0,0.0018150189519784588,0.5333333333333333
LFU,15,0.0,0.002715555358804189,0.5333333333333333
LFU,16,0.0,0.0006539574305196905,0.5333333333333333
LFU,17,0.0,0.0006378637294099411,0.5333333333333333
LFU,18,0.0,0.0004109100189165821,0.5333333333333333
LFU,19,0.0,0.0009674003640084321,0.5333333333333333
LFU,20,0.0,0.0012800713597445267,0.5333333333333333
LFU,21,0.0,0.0018964450335327405,0.5333333333333333
LFU,22,0.0,0.000689887790917153,0.5333333333333333
LFU,23,0.0,0.0005224354768335975,0.5333333333333333
LFU,24,0.0,0.00030864210897952476,0.5333333333333333
LFU,25,0.0,0.0004684700976485744,0.5333333333333333
LFU,26,0.0,0.00039748755071281034,0.5333333333333333
LFU,27,0.0,0.000993698580387514,0.5333333333333333
LFU,28,0.0,0.0005955789820996483,0.5333333333333333
LFU,29,0.0,0.00020720111997449714,0.5333333333333333
LFU,30,1.5151515151515151,0.0009298485090204504,0.5333333333333333
LFU,31,1.4705882352941175,0.000562353255591045,0.5333333333333333
LFU,32,2.857142857142857,0.0006329031743394103,0.5333333333333333
LFU,33,4.10958904109589,0.0013225375789102873,0.5333333333333333
LFU,34,3.9473684210526314,0.0010325119360786097,0.5333333333333333
LFU,35,3.8461538461538463,0.00016300678883982166,0.5333333333333333
LFU,36,3.75,0.0010932917293847064,0.5333333333333333
LFU,37,3.614457831325301,0.0007820825751929541,0.5333333333333333
LFU,38,3.488372093023256,0.0006606909935981441,0.5333333333333333
LFU,39,4.545454545454546,0.0011046317257890148,0.5333333333333333
LFU,40,4.444444444444445,0.0005765916512691749,0.5333333333333333
LFU,41,5.376344086021505,0.0008583170025218432,0.5333333333333333
LFU,42,5.263157894736842,0.0006734358459952773,0.5333333333333333
LFU,43,6.122448979591836,0.0005651792076069294,0.5333333333333333
LFU,44,5.9405940594059405,0.0003697290818118286,0.5333333333333333
LFU,45,5.825242718446602,0.0003456145590192067,0.5333333333333333
LFU,46,5.714285714285714,0.00040583089622989415,0.5333333333333333
LFU,47,5.607476635514018,0.0008091893076246519,0.5333333333333333
LFU,48,6.363636363636363,0.0006997741745341034,0.5333333333333333
LFU,49,6.25,0.0008156474307717682,0.5333333333333333
LFU,50,6.140350877192982,0.0006829094920816924,0.5333333333333333
LFU,51,6.896551724137931,0.0003146865240135594,0.5333333333333333
LFU,52,6.779661016949152,0.00021607369902676516,0.5333333333333333
LFU,53,6.6115702479338845,0.0007400201864540827,0.5333333333333333
LFU,54,6.451612903225806,0.00035560677868843986,0.5333333333333333
LFU,55,6.299212598425196,0.0007386123088143019,0.5333333333333333
LFU,56,6.2015503875969,0.00047277310852681997,0.5333333333333333
LFU,57,6.8181818181818175,0.0005315220174071453,0.5333333333333333
LFU,58,6.666666666666667,0.00018876101564882535,0.5333333333333333
LFU,59,7.2992700729927,0.00013567878028167635,0.5333333333333333
LFU,60,7.194244604316546,0.0004740527089585122,0.5333333333333333
LFU,61,7.092198581560284,0.0005892468335595457,0.5333333333333333
LFU,62,6.993006993006993,0.00010016412802764934,0.5333333333333333
LFU,63,7.586206896551724,0.00044675912002991306,0.5333333333333333
LFU,64,7.482993197278912,7.146587134777514e-05,0.5333333333333333
LFU,65,8.053691275167784,0.000645221006931882,0.5333333333333333
LFU,66,7.9470198675496695,0.00039163074633344417,0.5333333333333333
LFU,67,7.792207792207792,0.0001221202246452893,0.5333333333333333
LFU,68,7.6923076923076925,0.0002892028948595105,0.5333333333333333
LFU,69,8.176100628930817,0.0004904806697236036,0.5333333333333333
LFU,70,8.074534161490684,0.00014186306650411474,0.5333333333333333
LFU,71,7.975460122699387,0.0005702787756457643,0.5333333333333333
LFU,72,7.878787878787878,0.00026590045628771157,0.5333333333333333
LFU,73,7.784431137724551,0.0004371959967470038,0.5333333333333333
LFU,74,7.6923076923076925,0.00044216877706519615,0.5333333333333333
LFU,75,7.602339181286549,0.0003977793725105431,0.5333333333333333
LFU,76,8.092485549132949,0.00028820620446388153,0.5333333333333333
LFU,77,7.954545454545454,0.0005281804233435414,0.5333333333333333
LFU,78,7.865168539325842,0.0002504531549668573,0.5333333333333333
LFU,79,7.777777777777778,0.0002616717908655976,0.5333333333333333
LFU,80,7.650273224043716,0.0005057159959909325,0.5333333333333333
LFU,81,7.567567567567568,0.0004940911815466898,0.5333333333333333
LFU,82,7.446808510638298,0.00024860644951158557,0.5333333333333333
LFU,83,7.368421052631578,0.0004810424654459505,0.5333333333333333
LFU,84,7.291666666666667,0.0001467305180113492,0.5333333333333333
LFU,85,7.216494845360824,0.0002919380075500179,0.5333333333333333
LFU,86,7.142857142857142,0.00014742784276533421,0.5333333333333333
LFU,87,7.07070707070707,0.00010945898671274059,0.5333333333333333
LFU,88,7.000000000000001,0.00011663343910959433,0.5333333333333333
LFU,89,6.9306930693069315,0.00010672375816859716,0.5333333333333333
LFU,90,6.862745098039216,0.00035493412646629024,0.5333333333333333
LFU,91,6.796116504854369,0.0001788551927149688,0.5333333333333333
LFU,92,6.730769230769231,0.00044345958730531104,0.5333333333333333
LFU,93,6.6350710900473935,0.00012797214873711238,0.5333333333333333
LFU,94,6.572769953051644,0.00018041970706216296,0.5333333333333333
LFU,95,6.511627906976744,0.00014720050658947423,0.5333333333333333
LFU,96,6.422018348623854,0.00016907122238672307,0.5333333333333333
LFU,97,6.363636363636363,0.00022545938980285564,0.5333333333333333
LFU,98,6.726457399103139,0.00027541300547623916,0.5333333333333333
LFU,99,6.666666666666667,0.00034308893443972885,0.5333333333333333
LFU,100,6.607929515418502,0.0004311380800663158,0.5333333333333333
LFU,101,6.521739130434782,0.00018361273131261774,0.5333333333333333
LFU,102,6.4655172413793105,0.0001883841613444387,0.5333333333333333
LFU,103,6.41025641025641,0.00038311881338372913,0.5333333333333333
LFU,104,6.3559322033898304,0.0004184091153034394,0.5333333333333333
LFU,105,6.2761506276150625,0.00036072011204027666,0.5333333333333333
LFU,106,6.198347107438017,0.00016247374822360395,0.5333333333333333
LFU,107,6.147540983606557,0.0002786457202238194,0.5333333333333333
LFU,108,6.0728744939271255,0.00016112785671467677,0.5333333333333333
LFU,109,6.0,0.00015893687838411266,0.5333333333333333
LFU,110,5.952380952380952,0.00010975954662215798,0.5333333333333333
LFU,111,5.905511811023622,0.00026135455085294696,0.5333333333333333
LFU,112,5.859375,0.0003649581210496622,0.5333333333333333
LFU,113,5.7915057915057915,0.0003846543870575451,0.5333333333333333
LFU,114,5.747126436781609,0.00017592271290343178,0.5333333333333333
LFU,115,5.7034220532319395,6.072442048776206e-05,0.5333333333333333
LFU,116,5.660377358490567,0.00017914861600341455,0.5333333333333333
LFU,117,5.617977528089887,0.00010791650865093887,0.5333333333333333
LFU,118,5.5762081784386615,0.0002431636190740072,0.5333333333333333
LFU,119,5.904059040590406,0.00016622173745132956,0.5333333333333333
LFU,120,6.204379562043796,0.00015362501904334907,0.5333333333333333
LFU,121,6.159420289855073,0.00016681104019773785,0.5333333333333333
LFU,122,6.115107913669065,8.124697477202658e-05,0.5333333333333333
LFU,123,6.071428571428571,0.00016703988189186854,0.5333333333333333
LFU,124,6.007067137809187,0.0001375800376308469,0.5333333333333333
LFU,125,5.964912280701754,0.00010428118933102898,0.5333333333333333
LFU,126,6.2717770034843205,5.2995336731209915e-05,0.5333333333333333
LFU,127,6.551724137931035,0.00027319293492899805,0.5333333333333333
LFU,128,6.506849315068493,0.000245354851459553,0.5333333333333333
LFU,129,6.440677966101695,0.0002869840323520346,0.5333333333333333
LFU,130,6.397306397306397,0.00027408756710637315,0.5333333333333333
LFU,131,6.354515050167224,0.00018783639721260738,0.5333333333333333
LFU,132,6.312292358803987,0.00027788306997246417,0.5333333333333333
LFU,133,6.25,0.00019436067405219256,0.5333333333333333
LFU,134,6.188925081433225,0.00031397924306255374,0.5333333333333333
LFU,135,6.129032258064516,0.0003205375884967873,0.5333333333333333
LFU,136,6.089743589743589,9.293034972686665e-05,0.5333333333333333
LFU,137,6.050955414012739,0.00023903332239058668,0.5333333333333333
LFU,138,6.012658227848101,5.738251576422957e-05,0.5333333333333333
LFU,139,6.289308176100629,0.00017133214259902252,0.5333333333333333
LFU,140,6.230529595015576,0.00025330191349030287,0.5333333333333333
LFU,141,6.191950464396285,6.207288274211843e-05,0.5333333333333333
LFU,142,6.153846153846154,3.538525945879542e-05,0.5333333333333333
LFU,143,6.422018348623854,0.0001139377375520088,0.5333333333333333
LFU,144,6.363636363636363,0.0001683410024142009,0.5333333333333333
LFU,145,6.325301204819277,6.44283230671272e-05,0.5333333333333333
LFU,146,6.26865671641791,0.00026625711536804264,0.5333333333333333
LFU,147,6.508875739644971,0.0001025606638243197,0.5333333333333333
LFU,148,6.470588235294119,0.00017289970287940487,0.5333333333333333
LFU,149,6.41399416909621,0.00026893384279947844,0.5333333333333333
LFU,150,6.3768115942028984,0.00021307484958280444,0.5333333333333333
LFU,151,6.340057636887608,0.0001923959217074374,0.5333333333333333
LFU,152,6.303724928366762,0.00011741692279832204,0.5333333333333333
LFU,153,6.267806267806268,0.00017315972447011128,0.5333333333333333
LFU,154,6.214689265536723,0.00010915515431130247,0.5333333333333333
LFU,155,6.162464985994398,0.0002747922299684894,0.5333333333333333
LFU,156,6.406685236768802,0.00022023634480812296,0.5333333333333333
LFU,157,6.353591160220995,8.231395209669163e-05,0.5333333333333333
LFU,158,6.318681318681318,0.00010657091493909708,0.5333333333333333
LFU,159,6.267029972752043,5.3796225187527186e-05,0.5333333333333333
LFU,160,6.233062330623306,8.073131092364943e-05,0.5333333333333333
LFU,161,6.199460916442049,0.00013862913039552413,0.5333333333333333
LFU,162,6.166219839142091,0.0002186747933707461,0.5333333333333333
LFU,163,6.117021276595745,0.0002558351121877907,0.5333333333333333
LFU,164,6.068601583113456,0.0001651025378436966,0.5333333333333333
LFU,165,6.299212598425196,0.0001972557192367699,0.5333333333333333
LFU,166,6.266318537859007,0.00023659768013590494,0.5333333333333333
LFU,167,6.233766233766234,0.0002434241837894232,0.5333333333333333
LFU,168,6.2015503875969,0.00023972091507645435,0.5333333333333333
LFU,169,6.153846153846154,9.38760297861578e-05,0.5333333333333333
LFU,170,6.377551020408164,6.587833352872361e-05,0.5333333333333333
LFU,171,6.345177664974619,0.00010833322534433852,0.5333333333333333
LFU,172,6.565656565656567,0.00010584052620115478,0.5333333333333333
LFU,173,6.516290726817042,0.00021048436214890539,0.5333333333333333
LFU,174,6.467661691542288,0.00011810895241768138,0.5333333333333333
LFU,175,6.435643564356436,0.00022370681167948093,0.5333333333333333
LFU,176,6.6339066339066335,0.0001021401527838919,0.5333333333333333
LFU,177,6.829268292682928,0.0001145841978987436,0.5333333333333333
LFU,178,7.038834951456311,7.830254014413707e-05,0.5333333333333333
LFU,179,7.246376811594203,0.0001320461075697312,0.5333333333333333
LFU,180,7.211538461538461,0.00019958333224986367,0.5333333333333333
LFU,181,7.177033492822966,0.00019167250552082067,0.5333333333333333
LFU,182,7.142857142857142,0.00020661251379580078,0.5333333333333333
LFU,183,7.109004739336493,2.385798616273473e-05,0.5333333333333333
LFU,184,7.0588235294117645,4.661676360364072e-05,0.5333333333333333
LFU,185,7.242990654205607,0.00013756906314737457,0.5333333333333333
LFU,186,7.209302325581396,8.718168116399135e-05,0.5333333333333333
LFU,187,7.159353348729793,0.00015475333575664185,0.5333333333333333
LFU,188,7.126436781609195,0.0001232345231426282,0.5333333333333333
LFU,189,7.093821510297483,6.807834262879566e-05,0.5333333333333333
LFU,190,7.061503416856492,0.00018936372888527674,0.5333333333333333
LFU,191,7.029478458049887,9.293957725999166e-05,0.5333333333333333
LFU,192,6.997742663656885,0.00010373142524854849,0.5333333333333333
LFU,193,6.950672645739911,4.771860930776935e-05,0.5333333333333333
LFU,194,6.904231625835189,0.00015517479375943757,0.5333333333333333
LFU,195,6.873614190687362,0.0001838827478217649,0.5333333333333333
LFU,196,6.843267108167771,0.0001545155440217728,0.5333333333333333
LFU,197,7.032967032967033,4.811229640250843e-05,0.5333333333333333
LFU,198,6.986899563318777,0.00019077978139090616,0.5333333333333333
LFU,199,6.956521739130435,0.00012549784285058508,0.5333333333333333
LFU,200,6.926406926406926,0.00019638106789436112,0.5333333333333333
FIFO,1,0.0,0.03710175941217024,0.6
FIFO,2,0.0,0.016997827386086378,0.6
FIFO,3,0.0,0.013342230306658584,0.5333333333333333
FIFO,4,0.0,0.01069002440913163,0.5333333333333333
FIFO,5,0.0,0.003448421624147703,0.5333333333333333
FIFO,6,0.0,0.0018742484720245176,0.5333333333333333
FIFO,7,0.0,0.00275074906707104,0.5333333333333333
FIFO,8,0.0,0.003600567191950123,0.5333333333333333
FIFO,9,0.0,0.0019824473956250844,0.5333333333333333
FIFO,10,0.0,0.002447763946528182,0.5333333333333333
FIFO,11,0.0,0.000958451235050835,0.5333333333333333
FIFO,12,0.0,0.001342576135773366,0.5333333333333333
FIFO,13,0.0,0.0005035428242493095,0.5333333333333333
FIFO,14,0.0,0.0013896678180494574,0.5333333333333333
FIFO,15,0.0,0.002608311887373288,0.5333333333333333
FIFO,16,0.0,0.0012522388257149959,0.5333333333333333
FIFO,17,0.0,0.001974787991748375,0.5333333333333333
FIFO,18,0.0,0.0019458541535953837,0.5333333333333333
FIFO,19,0.0,0.001899333587498038,0.5333333333333333
FIFO,20,0.0,0.002029665485405613,0.5333333333333333
FIFO,21,0.0,0.0015066423595956372,0.5333333333333333
FIFO,22,0.0,0.000605857415674591,0.5333333333333333
FIFO,23,0.0,0.001309976910175575,0.5333333333333333
FIFO,24,1.7543859649122806,0.0012629984271664001,0.5333333333333333
FIFO,25,1.6666666666666667,0.00019859551820556297,0.5333333333333333
FIFO,26,1.6129032258064515,0.0014479233135354624,0.5333333333333333
FIFO,27,1.5625,0.0007183438155413178,0.5333333333333333
FIFO,28,1.5151515151515151,0.0009482207174371532,0.5333333333333333
FIFO,29,1.4492753623188406,0.00017222252999238242,0.5333333333333333
FIFO,30,1.4084507042253522,0.000816979391353109,0.5333333333333333
FIFO,31,1.36986301369863,0.0008283442281098083,0.5333333333333333
FIFO,32,1.3333333333333335,0.0010939484595459106,0.5333333333333333
FIFO,33,1.2987012987012987,0.0010544104565544704,0.5333333333333333
FIFO,34,1.25,0.00025175611208820185,0.5333333333333333
FIFO,35,2.4096385542168677,0.0010054180670026787,0.5333333333333333
FIFO,36,2.3529411764705883,0.0003972202039348591,0.5333333333333333
FIFO,37,2.2988505747126435,0.00017140937648540817,0.5333333333333333
FIFO,38,2.247191011235955,0.0004305253884675156,0.5333333333333333
FIFO,39,2.197802197802198,0.00044650480998949694,0.5333333333333333
FIFO,40,2.1505376344086025,0.0007963470518319076,0.5333333333333333
FIFO,41,2.1052631578947367,0.000838506032387748,0.5333333333333333
FIFO,42,2.0618556701030926,0.0008016559660678904,0.5333333333333333
FIFO,43,2.0202020202020203,0.00010873935272117315,0.5333333333333333
FIFO,44,1.9801980198019802,0.0005155874083581019,0.5333333333333333
FIFO,45,2.912621359223301,0.0007637659954728397,0.5333333333333333
FIFO,46,3.7735849056603774,0.00039118509731501906,0.5333333333333333
FIFO,47,3.7037037037037033,0.0005145214911485823,0.5333333333333333
FIFO,48,3.6363636363636362,0.0008291000071610297,0.5333333333333333
FIFO,49,3.571428571428571,0.0005058574911651375,0.5333333333333333
FIFO,50,3.508771929824561,0.00033661333557471676,0.5333333333333333
FIFO,51,3.4482758620689653,0.0007896988649418492,0.5333333333333333
FIFO,52,3.361344537815126,0.0007926609403082629,0.5333333333333333
FIFO,53,3.3057851239669422,0.0003790222906795563,0.5333333333333333
FIFO,54,3.225806451612903,0.0002908820424531982,0.5333333333333333
FIFO,55,3.1746031746031744,0.00011111836436706948,0.5333333333333333
FIFO,56,3.125,0.0003537138301661065,0.5333333333333333
FIFO,57,3.076923076923077,0.00040781677571479424,0.5333333333333333
FIFO,58,3.0303030303030303,0.00015689985085895017,0.5333333333333333
FIFO,59,2.9850746268656714,0.00020174828209182174,0.5333333333333333
FIFO,60,2.9197080291970803,0.0002261231025731184,0.5333333333333333
FIFO,61,2.877697841726619,0.00027398866807293174,0.5333333333333333
FIFO,62,2.8368794326241136,0.00046829538601497023,0.5333333333333333
FIFO,63,2.797202797202797,0.00023306348872589763,0.5333333333333333
FIFO,64,2.73972602739726,0.0003985995923489627,0.5333333333333333
FIFO,65,2.684563758389262,0.0002651341325638219,0.5333333333333333
FIFO,66,3.3112582781456954,0.00039707205737367634,0.5333333333333333
FIFO,67,3.2679738562091507,0.0002356304701346269,0.5333333333333333
FIFO,68,3.205128205128205,0.0001969773454401398,0.5333333333333333
FIFO,69,3.1645569620253164,0.00035693474330537634,0.5333333333333333
FIFO,70,3.125,0.00029110855302502377,0.5333333333333333
FIFO,71,3.0864197530864197,0.00028074655064139935,0.5333333333333333
FIFO,72,3.048780487804878,0.0004524208173385814,0.5333333333333333
FIFO,73,3.0120481927710845,0.0005108814189246593,0.5333333333333333
FIFO,74,2.976190476190476,0.0005069794534743883,0.5333333333333333
FIFO,75,3.508771929824561,0.00029331913639066775,0.5333333333333333
FIFO,76,3.4682080924855487,0.00017332186151540894,0.5333333333333333
FIFO,77,3.4090909090909087,5.985928562542708e-05,0.5333333333333333
FIFO,78,3.35195530726257,0.0004899665412389187,0.5333333333333333
FIFO,79,3.867403314917127,0.0001728479048743539,0.5333333333333333
FIFO,80,3.825136612021858,0.00040887746186244194,0.5333333333333333
FIFO,81,4.324324324324325,0.0004849696559696585,0.5333333333333333
FIFO,82,4.27807486631016,0.0002302266295443523,0.5333333333333333
FIFO,83,4.232804232804233,0.0003753181001762257,0.5333333333333333
FIFO,84,4.166666666666666,0.0004106077178684168,0.5333333333333333
FIFO,85,4.123711340206185,0.00047313694230783867,0.5333333333333333
FIFO,86,4.591836734693878,0.0002427940169257698,0.5333333333333333
FIFO,87,4.522613065326634,7.380802356380605e-05,0.5333333333333333
FIFO,88,4.477611940298507,0.0004925853686700433,0.5333333333333333
FIFO,89,4.411764705882353,0.000218633651177369,0.5333333333333333
FIFO,90,4.368932038834951,0.00014769854147834942,0.5333333333333333
FIFO,91,4.30622009569378,0.00010628078584375937,0.5333333333333333
FIFO,92,4.265402843601896,0.000447282747664308,0.5333333333333333
FIFO,93,4.205607476635514,0.0002511957068893839,0.5333333333333333
FIFO,94,4.147465437788019,0.00014658608850068224,0.5333333333333333
FIFO,95,4.090909090909091,0.00039525510278670244,0.5333333333333333
FIFO,96,4.054054054054054,0.000427916822612532,0.5333333333333333
FIFO,97,4.464285714285714,0.00021141358321859964,0.5333333333333333
FIFO,98,4.424778761061947,0.0003142175459817194,0.5333333333333333
FIFO,99,4.385964912280701,0.0001634164800299589,0.5333333333333333
FIFO,100,4.3478260869565215,0.000271313342831957,0.5333333333333333
FIFO,101,4.310344827586207,0.00042955228668405246,0.5333333333333333
FIFO,102,4.25531914893617,0.00040095228907306436,0.5333333333333333
FIFO,103,4.621848739495799,0.0001282150932267619,0.5333333333333333
FIFO,104,5.0,6.972784518183705e-05,0.5333333333333333
FIFO,105,5.371900826446281,0.00010625918766876723,0.5333333333333333
FIFO,106,5.327868852459016,0.0002680989812116575,0.5333333333333333
FIFO,107,5.263157894736842,0.00017097934140739335,0.5333333333333333
FIFO,108,5.2,0.0001672330443569562,0.5333333333333333
FIFO,109,5.158730158730158,0.000368638866360494,0.5333333333333333
FIFO,110,5.118110236220472,0.0003151410964513865,0.5333333333333333
FIFO,111,5.078125,8.430647578086534e-05,0.5333333333333333
FIFO,112,5.038759689922481,0.0003025080998759165,0.5333333333333333
FIFO,113,5.0,0.000248408994110535,0.5333333333333333
FIFO,114,4.961832061068702,0.00023959007421684163,0.5333333333333333
FIFO,115,4.924242424242424,0.00020384280434988938,0.5333333333333333
FIFO,116,4.887218045112782,6.759623581794646e-05,0.5333333333333333
FIFO,117,4.83271375464684,6.265010828327398e-05,0.5333333333333333
FIFO,118,4.779411764705882,0.00022869524531764115,0.5333333333333333
FIFO,119,4.744525547445255,8.534427471222545e-05,0.5333333333333333
FIFO,120,4.710144927536232,0.00023346744273688497,0.5333333333333333
FIFO,121,4.676258992805756,0.0001583290277505749,0.5333333333333333
FIFO,122,4.642857142857143,7.302768291084481e-05,0.5333333333333333
FIFO,123,4.609929078014184,0.00018229438521567294,0.5333333333333333
FIFO,124,4.56140350877193,0.000188965215434063,0.5333333333333333
FIFO,125,4.529616724738676,0.0003439890224455562,0.5333333333333333
FIFO,126,4.482758620689655,6.006689360080874e-05,0.5333333333333333
FIFO,127,4.4520547945205475,3.445316940940287e-05,0.5333333333333333
FIFO,128,4.406779661016949,0.00032539030545472456,0.5333333333333333
FIFO,129,4.377104377104377,0.0002544934488128973,0.5333333333333333
FIFO,130,4.3478260869565215,0.00020292150692379418,0.5333333333333333
FIFO,131,4.318936877076411,0.00017410958743290463,0.5333333333333333
FIFO,132,4.29042904290429,0.0001781238139175849,0.5333333333333333
FIFO,133,4.2622950819672125,0.00031547294602906836,0.5333333333333333
FIFO,134,4.234527687296417,0.0002772535895814164,0.5333333333333333
FIFO,135,4.207119741100324,3.25852965723908e-05,0.5333333333333333
FIFO,136,4.180064308681672,0.00022807961543570222,0.5333333333333333
FIFO,137,4.140127388535031,0.0002940546109015289,0.5333333333333333
FIFO,138,4.100946372239748,0.00015885971948728506,0.5333333333333333
FIFO,139,4.075235109717868,0.00028669197734611295,0.5333333333333333
FIFO,140,4.049844236760125,0.00016138432844250603,0.5333333333333333
FIFO,141,4.024767801857585,3.938349484164934e-05,0.5333333333333333
FIFO,142,4.3076923076923075,0.00014429997464029774,0.5333333333333333
FIFO,143,4.281345565749235,0.0001398958353968746,0.5333333333333333
FIFO,144,4.25531914893617,0.0002431337239767656,0.5333333333333333
FIFO,145,4.229607250755287,0.00029048141893820215,0.5333333333333333
FIFO,146,4.2042042042042045,0.0001691228864364959,0.5333333333333333
FIFO,147,4.179104477611941,0.00012542734451528918,0.5333333333333333
FIFO,148,4.154302670623145,0.00023226993861521114,0.5333333333333333
FIFO,149,4.117647058823529,0.00020952331014265202,0.5333333333333333
FIFO,150,4.081632653061225,0.0002455583120086186,0.5333333333333333
FIFO,151,4.057971014492753,4.631886769876627e-05,0.5333333333333333
FIFO,152,4.034582132564841,0.00010787340395782132,0.5333333333333333
FIFO,153,4.285714285714286,0.00021105702262762217,0.5333333333333333
FIFO,154,4.261363636363636,0.00019271823385446954,0.5333333333333333
FIFO,155,4.225352112676056,7.6007175954207e-05,0.5333333333333333
FIFO,156,4.201680672268908,0.00017696382738060726,0.5333333333333333
FIFO,157,4.178272980501393,8.980434249164478e-05,0.5333333333333333
FIFO,158,4.143646408839778,0.00018107079980282984,0.5333333333333333
FIFO,159,4.1208791208791204,0.00020738813804087403,0.5333333333333333
FIFO,160,4.35967302452316,7.063643924916346e-05,0.5333333333333333
FIFO,161,4.336043360433604,9.256325847775134e-05,0.5333333333333333
FIFO,162,4.31266846361186,0.0002450340882981373,0.5333333333333333
FIFO,163,4.27807486631016,0.00014291336696028387,0.5333333333333333
FIFO,164,4.25531914893617,0.0001061306219484654,0.5333333333333333
FIFO,165,4.221635883905013,3.5181657445104414e-05,0.5333333333333333
FIFO,166,4.4619422572178475,0.0001799673833095044,0.5333333333333333
FIFO,167,4.43864229765013,0.00017144838620894112,0.5333333333333333
FIFO,168,4.404145077720207,5.051376708050082e-05,0.5333333333333333
FIFO,169,4.381443298969072,0.00011839402043742124,0.5333333333333333
FIFO,170,4.3478260869565215,3.403100918075231e-05,0.5333333333333333
FIFO,171,4.325699745547073,2.9621954453761977e-05,0.5333333333333333
FIFO,172,4.30379746835443,6.480855632334464e-05,0.5333333333333333
FIFO,173,4.282115869017632,0.00022391926540341926,0.5333333333333333
FIFO,174,4.511278195488721,0.00017999180101002516,0.5333333333333333
FIFO,175,4.488778054862843,0.00017308283898159028,0.5333333333333333
FIFO,176,4.466501240694789,0.00023880248153119755,0.5333333333333333
FIFO,177,4.444444444444445,0.00013885016398239585,0.5333333333333333
FIFO,178,4.422604422604422,3.161423399787683e-05,0.5333333333333333
FIFO,179,4.645476772616137,0.00024333046520735448,0.5333333333333333
FIFO,180,4.611650485436893,2.693601545397394e-05,0.5333333333333333
FIFO,181,4.830917874396135,0.0001557253083571013,0.5333333333333333
FIFO,182,4.807692307692308,3.320570537215642e-05,0.5333333333333333
FIFO,183,4.77326968973747,0.0002013929665442663,0.5333333333333333
FIFO,184,4.976303317535545,0.0002031055957611492,0.5333333333333333
FIFO,185,4.952830188679245,0.00011589689311655561,0.5333333333333333
FIFO,186,4.929577464788732,7.962432757399657e-05,0.5333333333333333
FIFO,187,4.906542056074766,0.00018768956682884883,0.5333333333333333
FIFO,188,4.872389791183294,0.00022266910192617786,0.5333333333333333
FIFO,189,4.838709677419355,0.00016747164217320313,0.5333333333333333
FIFO,190,4.81651376146789,0.0001673966039312903,0.5333333333333333
FIFO,191,4.794520547945205,4.860479390489742e-05,0.5333333333333333
FIFO,192,4.772727272727273,0.00010538318396474729,0.5333333333333333
FIFO,193,4.740406320541761,9.14350878034599e-05,0.5333333333333333
FIFO,194,4.719101123595506,7.757689095033905e-05,0.5333333333333333
FIFO,195,4.697986577181208,2.8909412039433254e-05,0.5333333333333333
FIFO,196,4.666666666666667,0.0001843611612564476,0.5333333333333333
FIFO,197,4.635761589403973,0.00021882859819232473,0.5333333333333333
FIFO,198,4.824561403508771,0.00018837889534206956,0.5333333333333333
FIFO,199,4.8034934497816595,0.00014478069529882365,0.5333333333333333
FIFO,200,4.782608695652174,0.0001886910964665721,0.5333333333333333
MRU,1,0.0,0.04883765269810719,0.6
MRU,2,0.0,0.002283704681548989,0.5
MRU,3,0.0,0.007402685750908898,0.5
MRU,4,0.0,0.010066603302017123,0.5
MRU,5,0.0,0.003826520327936948,0.5
MRU,6,0.0,0.006108143327822709,0.5
MRU,7,0.0,0.0015316436249474012,0.5
MRU,8,0.0,0.0023079630542907742,0.5333333333333333
MRU,9,0.0,0.0043665729796160116,0.5333333333333333
MRU,10,0.0,0.001609166480526153,0.5333333333333333
MRU,11,0.0,0.0016695714759533723,0.5333333333333333
MRU,12,0.0,0.003205629570725711,0.5333333333333333
MRU,13,0.0,0.0028685681392197635,0.5333333333333333
MRU,14,0.0,0.0006371068171220992,0.5333333333333333
MRU,15,2.941176470588235,0.002727627326025666,0.5333333333333333
MRU,16,2.7027027027027026,0.00046011024887907947,0.5333333333333333
MRU,17,2.564102564102564,0.0006402187243180768,0.5333333333333333
MRU,18,2.380952380952381,0.000997788649511362,0.5333333333333333
MRU,19,2.272727272727273,0.0022177629492178903,0.5333333333333333
MRU,20,2.1739130434782608,0.0011605405849725904,0.5333333333333333
MRU,21,2.083333333333333,0.0010370386847837307,0.5333333333333333
MRU,22,2.0,0.0018342283928810654,0.5333333333333333
MRU,23,1.9230769230769231,0.0009637158565066126,0.5333333333333333
MRU,24,1.8518518518518516,0.001784328257952878,0.5333333333333333
MRU,25,1.7543859649122806,0.0011426758534713853,0.5333333333333333
MRU,26,1.6666666666666667,0.0010969616301353007,0.5333333333333333
MRU,27,1.6129032258064515,0.000903159971627882,0.5333333333333333
MRU,28,1.5625,0.0015039260782408511,0.5333333333333333
MRU,29,1.5151515151515151,0.0013494066078107555,0.5333333333333333
MRU,30,1.4492753623188406,0.0012666342646373784,0.5333333333333333
MRU,31,1.4084507042253522,0.0011388972800102366,0.5333333333333333
MRU,32,2.7027027027027026,0.0006354115286305609,0.5333333333333333
MRU,33,2.5974025974025974,0.000588847487625392,0.5333333333333333
MRU,34,2.5316455696202533,0.000364928708274272,0.5333333333333333
MRU,35,2.4390243902439024,0.0011758866963779615,0.5333333333333333
MRU,36,2.380952380952381,0.0008412107551177866,0.5333333333333333
MRU,37,3.4482758620689653,0.00047800266000774073,0.5333333333333333
MRU,38,3.3333333333333335,0.0010736321640702066,0.5333333333333333
MRU,39,3.225806451612903,0.0009558494484681283,0.5333333333333333
MRU,40,4.166666666666666,0.0003933082399817747,0.5333333333333333
MRU,41,5.05050505050505,0.0006317780908682292,0.5333333333333333
MRU,42,4.9504950495049505,0.000960117269521578,0.5333333333333333
MRU,43,4.854368932038835,0.0007228285671319208,0.5333333333333333
MRU,44,4.761904761904762,0.00016422484551068794,0.5333333333333333
MRU,45,4.62962962962963,0.0005635428105612327,0.5333333333333333
MRU,46,4.545454545454546,0.0001706361759116269,0.5333333333333333
MRU,47,4.464285714285714,0.00035731574395434315,0.5333333333333333
MRU,48,4.3478260869565215,0.00019166453039687667,0.5333333333333333
MRU,49,5.128205128205128,0.00043851540740640267,0.5333333333333333
MRU,50,5.042016806722689,0.00042443370652503216,0.5333333333333333
MRU,51,5.785123966942149,0.0005129509565658397,0.5333333333333333
MRU,52,5.691056910569105,0.0006033319394638301,0.5333333333333333
MRU,53,5.6000000000000005,0.00019823103133203088,0.5333333333333333
MRU,54,5.511811023622047,9.002648695110513e-05,0.5333333333333333
MRU,55,6.153846153846154,0.0005454143493211731,0.5333333333333333
MRU,56,6.015037593984962,0.0005369474716690344,0.5333333333333333
MRU,57,5.9259259259259265,0.00032935352559289294,0.5333333333333333
MRU,58,5.797101449275362,0.00018959371070890972,0.5333333333333333
MRU,59,5.673758865248227,9.486931801496918e-05,0.5333333333333333
MRU,60,5.594405594405594,8.815679073986947e-05,0.5333333333333333
MRU,61,6.164383561643835,0.0005213089346457431,0.5333333333333333
MRU,62,6.0402684563758395,0.00017982479834248528,0.5333333333333333
MRU,63,5.921052631578947,0.0004778429940765403,0.5333333333333333
MRU,64,5.806451612903226,9.2193302824468e-05,0.5333333333333333
MRU,65,5.7324840764331215,0.0002311020428525583,0.5333333333333333
MRU,66,5.660377358490567,0.0005821580532012794,0.5333333333333333
MRU,67,5.590062111801243,0.00012931463081919086,0.5333333333333333
MRU,68,5.521472392638037,0.0005637013243394083,0.5333333333333333
MRU,69,5.454545454545454,0.0005136526681701081,0.5333333333333333
MRU,70,5.389221556886228,0.00010644990097582588,0.5333333333333333
MRU,71,5.325443786982249,0.00042100885129025195,0.5333333333333333
MRU,72,5.847953216374268,0.00023843679590650392,0.5333333333333333
MRU,73,5.780346820809249,0.00023820084485855837,0.5333333333333333
MRU,74,5.681818181818182,0.0001651713529901351,0.5333333333333333
MRU,75,5.617977528089887,0.00036510125526606073,0.5333333333333333
MRU,76,5.524861878453039,0.0005373097100535928,0.5333333333333333
MRU,77,5.46448087431694,6.953941646321422e-05,0.5333333333333333
MRU,78,5.9459459459459465,0.0002332751662148796,0.5333333333333333
MRU,79,6.382978723404255,0.00034416000799606067,0.5333333333333333
MRU,80,6.315789473684211,0.00048576928186708413,0.5333333333333333
MRU,81,6.217616580310881,0.0003375197080986123,0.5333333333333333
MRU,82,6.666666666666667,0.00019069144268638573,0.5333333333333333
MRU,83,6.565656565656567,0.00028047187506234633,0.5333333333333333
MRU,84,6.5,0.0003192918410625252,0.5333333333333333
MRU,85,6.403940886699508,0.0001469268791933265,0.5333333333333333
MRU,86,6.341463414634147,0.0004596686845543484,0.5333333333333333
MRU,87,6.25,0.0003702064965696526,0.5333333333333333
MRU,88,6.190476190476191,0.00018179667940904944,0.5333333333333333
MRU,89,6.103286384976526,6.864350769859497e-05,0.5333333333333333
MRU,90,6.481481481481481,0.00015799642094898884,0.5333333333333333
MRU,91,6.8807339449541285,0.0003936532420545353,0.5333333333333333
MRU,92,6.8181818181818175,0.00033951436634714296,0.5333333333333333
MRU,93,6.756756756756757,0.00013415102895000464,0.5333333333333333
MRU,94,6.666666666666667,0.00018322701679331308,0.5333333333333333
MRU,95,6.607929515418502,0.00029980453910353084,0.5333333333333333
MRU,96,6.986899563318777,0.00023724542921915777,0.5333333333333333
MRU,97,6.896551724137931,0.0002321704851601054,0.5333333333333333
MRU,98,6.808510638297872,0.00023854568380339298,0.5333333333333333
MRU,99,6.751054852320674,0.00017519667568345978,0.5333333333333333
MRU,100,7.112970711297072,0.00036909593652192696,0.5333333333333333
MRU,101,7.053941908713693,0.00014838554222948368,0.5333333333333333
MRU,102,6.995884773662551,0.00019342320642320177,0.5333333333333333
MRU,103,7.317073170731707,0.000284174669713602,0.5333333333333333
MRU,104,7.258064516129033,4.042135062876688e-05,0.5333333333333333
MRU,105,7.199999999999999,0.00010086333659791408,0.5333333333333333
MRU,106,7.114624505928854,0.00021492553259988518,0.5333333333333333
MRU,107,7.0588235294117645,0.00015585327210096295,0.5333333333333333
MRU,108,6.976744186046512,0.000316164545350308,0.5333333333333333
MRU,109,6.923076923076923,0.00012700378610749,0.5333333333333333
MRU,110,6.870229007633588,0.000281061771326602,0.5333333333333333
MRU,111,6.8181818181818175,5.900860877300268e-05,0.5333333333333333
MRU,112,6.7669172932330826,0.00022237424938949805,0.5333333333333333
MRU,113,6.7164179104477615,0.00017111170632978136,0.5333333333333333
MRU,114,6.666666666666667,0.00010291038739351728,0.5333333333333333
MRU,115,6.593406593406594,0.0003098114764582027,0.5333333333333333
MRU,116,6.545454545454546,6.581549452958921e-05,0.5333333333333333
MRU,117,6.4981949458483745,0.00018350569385537944,0.5333333333333333
MRU,118,6.428571428571428,0.00027460985099450364,0.5333333333333333
MRU,119,6.36042402826855,0.00011300072691301974,0.5333333333333333
MRU,120,6.315789473684211,0.0001071536701655123,0.5333333333333333
MRU,121,6.2717770034843205,0.0003139759151473022,0.5333333333333333
MRU,122,6.228373702422145,0.0003138635729280427,0.5333333333333333
MRU,123,6.185567010309279,6.566631192133217e-05,0.5333333333333333
MRU,124,6.484641638225256,8.959823587655462e-05,0.5333333333333333
MRU,125,6.440677966101695,9.492217117857564e-05,0.5333333333333333
MRU,126,6.397306397306397,0.00033406070177169464,0.5333333333333333
MRU,127,6.688963210702341,0.00032307011669129954,0.5333333333333333
MRU,128,6.64451827242525,0.00029606873308060243,0.5333333333333333
MRU,129,6.9306930693069315,0.00022116699996594408,0.5333333333333333
MRU,130,6.885245901639345,0.00027299460767219027,0.5333333333333333
MRU,131,7.142857142857142,5.411032609251225e-05,0.5333333333333333
MRU,132,7.07395498392283,0.00012279810290365166,0.5333333333333333
MRU,133,7.0287539936102235,0.00018547965581755746,0.5333333333333333
MRU,134,6.984126984126984,8.682045009347586e-05,0.5333333333333333
MRU,135,7.232704402515723,0.00030948400854094124,0.5333333333333333
MRU,136,7.187499999999999,0.000285617265817011,0.5333333333333333
MRU,137,7.142857142857142,3.423978649053994e-05,0.5333333333333333
MRU,138,7.098765432098765,0.000257488348551061,0.5333333333333333
MRU,139,7.05521472392638,4.849672881566497e-05,0.5333333333333333
MRU,140,6.990881458966565,0.00010503223240393233,0.5333333333333333
MRU,141,6.948640483383686,7.350441144864425e-05,0.5333333333333333
MRU,142,6.88622754491018,0.00013735339922005165,0.5333333333333333
MRU,143,6.88622754491018,0.00019780179439912677,0.5333333333333333
MRU,144,6.824925816023739,0.0002695520027231601,0.5333333333333333
MRU,145,6.784660766961652,0.00014725676327708595,0.5333333333333333
MRU,146,6.744868035190615,0.0002542979962734446,0.5333333333333333
MRU,147,6.686046511627906,0.0002874195211353538,0.5333333333333333
MRU,148,6.628242074927954,5.2808889080846996e-05,0.5333333333333333
MRU,149,6.571428571428571,0.00026235393590895613,0.5333333333333333
MRU,150,6.534090909090909,0.00020972474544471613,0.5333333333333333
MRU,151,6.478873239436619,4.963892487743358e-05,0.5333333333333333
MRU,152,6.442577030812324,5.183011958143136e-05,0.5333333333333333
MRU,153,6.388888888888888,3.25618570733529e-05,0.5333333333333333
MRU,154,6.353591160220995,0.0002661534196883652,0.5333333333333333
MRU,155,6.301369863013699,0.0002712687934557359,0.5333333333333333
MRU,156,6.267029972752043,6.286892305956523e-05,0.5333333333333333
MRU,157,6.233062330623306,0.00017700847357968448,0.5333333333333333
MRU,158,6.182795698924731,8.239933658367056e-05,0.5333333333333333
MRU,159,6.149732620320856,0.00017765654833655414,0.5333333333333333
MRU,160,6.117021276595745,0.00010964903038457641,0.5333333333333333
MRU,161,6.084656084656085,0.00013261807000702216,0.5333333333333333
MRU,162,6.052631578947368,5.040395835508724e-05,0.5333333333333333
MRU,163,6.020942408376963,0.00025515969326179793,0.5333333333333333
MRU,164,5.989583333333334,0.0002133130184655598,0.5333333333333333
MRU,165,5.943152454780361,9.489795198784763e-05,0.5333333333333333
MRU,166,5.912596401028278,0.00019668915347653273,0.5333333333333333
MRU,167,5.88235294117647,3.0562740308324696e-05,0.5333333333333333
MRU,168,5.852417302798982,0.00018615241886360133,0.5333333333333333
MRU,169,5.822784810126582,7.537901369383335e-05,0.5333333333333333
MRU,170,5.793450881612091,9.026490142949432e-05,0.5333333333333333
MRU,171,5.764411027568922,6.877924094815664e-05,0.5333333333333333
MRU,172,5.970149253731343,0.0002179840221417655,0.5333333333333333
MRU,173,5.9405940594059405,5.000942625710773e-05,0.5333333333333333
MRU,174,5.911330049261084,8.418093506642503e-05,0.5333333333333333
MRU,175,5.88235294117647,0.00014897803905831878,0.5333333333333333
MRU,176,5.853658536585367,0.00022591251889557363,0.5333333333333333
MRU,177,5.825242718446602,0.00010497191301619956,0.5333333333333333
MRU,178,5.797101449275362,0.00011904215349422055,0.5333333333333333
MRU,179,5.769230769230769,0.0002224631701406772,0.5333333333333333
MRU,180,5.741626794258373,8.447771726706237e-05,0.5333333333333333
MRU,181,5.714285714285714,8.476234989528622e-05,0.5333333333333333
MRU,182,5.924170616113744,0.00017673097193318267,0.5333333333333333
MRU,183,5.88235294117647,5.233641797684897e-05,0.5333333333333333
MRU,184,5.85480093676815,5.030332725867745e-05,0.5333333333333333
MRU,185,5.827505827505827,0.0001711623177621877,0.5333333333333333
MRU,186,5.800464037122969,3.408392807721068e-05,0.5333333333333333
MRU,187,5.773672055427252,0.00011807954072172253,0.5333333333333333
MRU,188,5.73394495412844,0.00011276104735201838,0.5333333333333333
MRU,189,5.707762557077626,0.00020257977499304238,0.5333333333333333
MRU,190,5.681818181818182,8.025395324230744e-05,0.5333333333333333
MRU,191,5.643340857787811,0.00022215992903553864,0.5333333333333333
MRU,192,5.605381165919283,0.00014782552432372496,0.5333333333333333
MRU,193,5.580357142857143,0.00011614851997964654,0.5333333333333333
MRU,194,5.555555555555555,9.944321991636842e-05,0.5333333333333333
MRU,195,5.518763796909492,0.0001775103020126605,0.5333333333333333
MRU,196,5.4945054945054945,0.0001723813587123353,0.5333333333333333
MRU,197,5.470459518599562,4.364006053267819e-05,0.5333333333333333
MRU,198,5.434782608695652,0.00013285374752004662,0.5333333333333333
MRU,199,5.399568034557236,3.0029353436219964e-05,0.5333333333333333
MRU,200,5.591397849462366,0.00016703689687288606,0.5333333333333333
FACR,1,0.0,0.02222028379693342,0.4
FACR,2,0.0,0.007172685222964318,0.4
FACR,3,0.0,0.002460859695107174,0.4
FACR,4,0.0,0.0010472919170705047,0.4
FACR,5,0.0,0.003772895367214674,0.4
FACR,6,5.555555555555555,0.001182641388858932,0.4
FACR,7,5.0,0.002705068646342138,0.5
FACR,8,4.3478260869565215,0.0029475450361590412,0.5
FACR,9,4.0,0.0007002519119100334,0.5
FACR,10,3.7037037037037033,0.002245823473235289,0.5333333333333333
FACR,11,3.3333333333333335,0.0019440340991719908,0.5333333333333333
FACR,12,6.0606060606060606,0.001023358755390714,0.5333333333333333
FACR,13,5.714285714285714,0.0009377686844261195,0.5333333333333333
FACR,14,5.405405405405405,0.002026930818122565,0.5333333333333333
FACR,15,5.0,0.0019179224766706503,0.5333333333333333
FACR,16,4.761904761904762,0.0016132471385111793,0.5333333333333333
FACR,17,4.545454545454546,0.002098800009022801,0.5333333333333333
FACR,18,4.3478260869565215,0.001455758703864926,0.5333333333333333
FACR,19,6.25,0.0006054384224787897,0.5333333333333333
FACR,20,5.88235294117647,0.0007535340876027875,0.5333333333333333
FACR,21,5.555555555555555,0.0013607448319155697,0.5333333333333333
FACR,22,5.357142857142857,0.0010840983008051238,0.5333333333333333
FACR,23,5.172413793103448,0.00033308074353756244,0.5333333333333333
FACR,24,5.0,0.0007670759591350815,0.5333333333333333
FACR,25,4.838709677419355,0.0015156933055073996,0.5333333333333333
FACR,26,4.615384615384616,0.000763894014344817,0.5333333333333333
FACR,27,4.477611940298507,0.001374442911299734,0.5333333333333333
FACR,28,4.285714285714286,0.0011105364609176923,0.5333333333333333
FACR,29,4.10958904109589,0.0013188776712615153,0.5333333333333333
FACR,30,4.0,0.0010556881114186269,0.5333333333333333
FACR,31,3.896103896103896,0.0004771971399576207,0.5333333333333333
FACR,32,3.75,0.00040032152342890317,0.5333333333333333
FACR,33,3.6585365853658534,0.000506490041480751,0.5333333333333333
FACR,34,3.5294117647058822,0.00011944546115882032,0.5333333333333333
FACR,35,3.4482758620689653,0.00019813609634170156,0.5333333333333333
FACR,36,4.49438202247191,0.0005797502655118397,0.5333333333333333
FACR,37,4.395604395604396,0.00048220506820531676,0.5333333333333333
FACR,38,4.395604395604396,0.00020802820273006927,0.5333333333333333
FACR,39,4.301075268817205,0.00014024496798406116,0.5333333333333333
FACR,40,4.2105263157894735,0.0006986966585216295,0.5333333333333333
FACR,41,5.154639175257731,0.0005431363639267843,0.5333333333333333
FACR,42,5.05050505050505,0.00027907697601511596,0.5333333333333333
FACR,43,4.9504950495049505,0.00017327122963595377,0.5333333333333333
FACR,44,4.854368932038835,0.0003811356929371922,0.5333333333333333
FACR,45,4.761904761904762,0.0007133756298492201,0.5333333333333333
FACR,46,5.607476635514018,0.0005262243767864293,0.5333333333333333
FACR,47,5.454545454545454,0.00042597778619881294,0.5333333333333333
FACR,48,5.357142857142857,0.0007860985462329718,0.5333333333333333
FACR,49,5.263157894736842,0.00031244594945127336,0.5333333333333333
FACR,50,6.0344827586206895,0.0004138372585129426,0.5333333333333333
FACR,51,5.88235294117647,0.00037763428663056635,0.5333333333333333
FACR,52,5.785123966942149,0.00026673456013181726,0.5333333333333333
FACR,53,5.691056910569105,0.0004866656145233669,0.5333333333333333
FACR,54,5.555555555555555,0.00012739637013839064,0.5333333333333333
FACR,55,6.25,0.0005090513017847153,0.5333333333333333
FACR,56,6.153846153846154,0.00025465038129431457,0.5333333333333333
FACR,57,6.0606060606060606,0.0001305656532629541,0.5333333333333333
FACR,58,5.970149253731343,0.00027691618281645305,0.5333333333333333
FACR,59,5.88235294117647,7.470107968482694e-05,0.5333333333333333
FACR,60,5.755395683453238,0.0002908829268180319,0.5333333333333333
FACR,61,5.633802816901409,0.00013592554650814187,0.5333333333333333
FACR,62,5.517241379310345,0.00011364083901350332,0.5333333333333333
FACR,63,6.081081081081082,0.0004970413385350873,0.5333333333333333
FACR,64,6.0,0.00025267642479003834,0.5333333333333333
FACR,65,5.921052631578947,0.00025976380839247014,0.5333333333333333
FACR,66,5.844155844155844,0.00015800234510435584,0.5333333333333333
FACR,67,5.769230769230769,0.0006104955315176054,0.5333333333333333
FACR,68,5.69620253164557,0.00035472519555391395,0.5333333333333333
FACR,69,5.625,0.0005543203752576321,0.5333333333333333
FACR,70,5.555555555555555,0.0004587562273347897,0.5333333333333333
FACR,71,5.487804878048781,9.24244075031467e-05,0.5333333333333333
FACR,72,5.421686746987952,0.0004044518623171665,0.5333333333333333
FACR,73,5.357142857142857,0.0003956928598725372,0.5333333333333333
FACR,74,5.294117647058823,0.0005025717467352105,0.5333333333333333
FACR,75,5.232558139534884,0.0001321065386649045,0.5333333333333333
FACR,76,5.172413793103448,7.961081301391871e-05,0.5333333333333333
FACR,77,5.113636363636364,0.0003241274836048318,0.5333333333333333
FACR,78,5.056179775280898,0.0004349675372909532,0.5333333333333333
FACR,79,5.0,5.91545415287462e-05,0.5333333333333333
FACR,80,4.945054945054945,0.0004946401162190688,0.5333333333333333
FACR,81,4.891304347826087,0.00018255471797998577,0.5333333333333333
FACR,82,4.838709677419355,0.00026913712285894987,0.5333333333333333
FACR,83,4.787234042553192,0.0001997906068053643,0.5333333333333333
FACR,84,4.712041884816754,0.00038110617897317757,0.5333333333333333
FACR,85,4.639175257731959,0.000510989572546316,0.5333333333333333
FACR,86,4.568527918781726,0.0002240144625453055,0.5333333333333333
FACR,87,4.522613065326634,0.00040605302477804634,0.5333333333333333
FACR,88,4.455445544554455,0.00020653734884897598,0.5333333333333333
FACR,89,4.390243902439024,0.00021327461284633093,0.5333333333333333
FACR,90,4.3478260869565215,0.0004361564004413458,0.5333333333333333
FACR,91,4.30622009569378,0.00017218801921508844,0.5333333333333333
FACR,92,4.265402843601896,0.0002639396485677588,0.5333333333333333
FACR,93,4.205607476635514,0.0003789862456280652,0.5333333333333333
FACR,94,4.166666666666666,0.00046113269008558335,0.5333333333333333
FACR,95,4.10958904109589,9.470030443749359e-05,0.5333333333333333
FACR,96,4.072398190045249,0.0003731718295621216,0.5333333333333333
FACR,97,4.0358744394618835,0.0004472320799900565,0.5333333333333333
FACR,98,4.0,0.0002920344824540318,0.5333333333333333
FACR,99,4.405286343612335,7.174932831380455e-05,0.5333333333333333
FACR,100,4.366812227074235,0.00036083934163595494,0.5333333333333333
FACR,101,4.329004329004329,0.00019877010809560622,0.5333333333333333
FACR,102,4.291845493562231,0.0001250109561618578,0.5333333333333333
FACR,103,4.23728813559322,0.0003775355728942726,0.5333333333333333
FACR,104,4.621848739495799,0.00023545076083021285,0.5333333333333333
FACR,105,4.564315352697095,8.719125495012713e-05,0.5333333333333333
FACR,106,4.526748971193416,0.00011647189947755237,0.5333333333333333
FACR,107,4.471544715447155,0.0001138942403705447,0.5333333333333333
FACR,108,4.838709677419355,0.0003394232433307114,0.5333333333333333
FACR,109,5.2,0.0002675442155389359,0.5333333333333333
FACR,110,5.158730158730158,0.00018630433004698368,0.5333333333333333
FACR,111,5.118110236220472,0.00010676469289626257,0.5333333333333333
FACR,112,5.078125,4.646311067060647e-05,0.5333333333333333
FACR,113,5.038759689922481,0.0002497448947059596,0.5333333333333333
FACR,114,5.0,0.00021534167504969477,0.5333333333333333
FACR,115,4.961832061068702,8.574815763469756e-05,0.5333333333333333
FACR,116,4.924242424242424,0.00012429997225586522,0.5333333333333333
FACR,117,4.887218045112782,0.0002740325271968735,0.5333333333333333
FACR,118,5.223880597014925,0.00030589749152630107,0.5333333333333333
FACR,119,5.185185185185185,8.761204432779411e-05,0.5333333333333333
FACR,120,5.147058823529411,0.00026465537002956323,0.5333333333333333
FACR,121,5.109489051094891,0.0002790971586163776,0.5333333333333333
FACR,122,5.072463768115942,0.0003544064115192862,0.5333333333333333
FACR,123,5.0359712230215825,0.0002419202405237152,0.5333333333333333
FACR,124,4.98220640569395,0.00029717275943731166,0.5333333333333333
FACR,125,4.929577464788732,0.00011921852178073607,0.5333333333333333
FACR,126,4.895104895104895,5.5926325117494836e-05,0.5333333333333333
FACR,127,4.861111111111112,0.00033774363115134315,0.5333333333333333
FACR,128,4.810996563573884,9.387875517489768e-05,0.5333333333333333
FACR,129,4.761904761904762,0.00018855545229254318,0.5333333333333333
FACR,130,4.713804713804714,5.428400167829436e-05,0.5333333333333333
FACR,131,4.682274247491638,3.780216774884444e-05,0.5333333333333333
FACR,132,4.651162790697675,0.00022538309275950776,0.5333333333333333
FACR,133,4.62046204620462,5.954259629293999e-05,0.5333333333333333
FACR,134,4.590163934426229,0.0003205270601226413,0.5333333333333333
FACR,135,4.5602605863192185,0.0002758425426829255,0.5333333333333333
FACR,136,4.53074433656958,0.00014695157247056144,0.5333333333333333
FACR,137,4.807692307692308,0.00011166620447708636,0.5333333333333333
FACR,138,5.079365079365079,0.00019231977821023677,0.5333333333333333
FACR,139,5.047318611987381,0.00023334534356061825,0.5333333333333333
FACR,140,5.3125,0.00019485353412467004,0.5333333333333333
FACR,141,5.279503105590062,0.0002525431913803141,0.5333333333333333
FACR,142,5.246913580246913,4.691543032937385e-05,0.5333333333333333
FACR,143,5.198776758409786,5.007914257612799e-05,0.5333333333333333
FACR,144,5.167173252279635,0.0002817034636736695,0.5333333333333333
FACR,145,5.13595166163142,8.139586980681128e-05,0.5333333333333333
FACR,146,5.405405405405405,7.4908617108307e-05,0.5333333333333333
FACR,147,5.357142857142857,0.00012073559518853668,0.5333333333333333
FACR,148,5.325443786982249,0.00021088334103898314,0.5333333333333333
FACR,149,5.278592375366569,0.0001716913087131354,0.5333333333333333
FACR,150,5.232558139534884,0.00027240660642458854,0.5333333333333333
FACR,151,5.491329479768786,0.0001941117407949322,0.5333333333333333
FACR,152,5.459770114942529,0.00017421984354943376,0.5333333333333333
FACR,153,5.413105413105413,0.00020976943834443017,0.5333333333333333
FACR,154,5.382436260623229,0.00023818409691560527,0.5333333333333333
FACR,155,5.617977528089887,3.0161651190030465e-05,0.5333333333333333
FACR,156,5.58659217877095,4.352407994412184e-05,0.5333333333333333
FACR,157,5.833333333333333,0.00020376314267307437,0.5333333333333333
FACR,158,6.077348066298343,4.619090129788779e-05,0.5333333333333333
FACR,159,6.027397260273973,0.00026274198738956446,0.5333333333333333
FACR,160,5.994550408719346,0.00026197930330217636,0.5333333333333333
FACR,161,6.216216216216217,0.00026634162525464197,0.5333333333333333
FACR,162,6.182795698924731,0.0001436480835876113,0.5333333333333333
FACR,163,6.149732620320856,5.2055990667685156e-05,0.5333333333333333
FACR,164,6.382978723404255,8.521570025989441e-05,0.5333333333333333
FACR,165,6.349206349206349,0.00024245569526179934,0.5333333333333333
FACR,166,6.578947368421052,0.00011407286857655312,0.5333333333333333
FACR,167,6.544502617801047,0.0002540955766919393,0.5333333333333333
FACR,168,6.510416666666667,0.00020754524614745816,0.5333333333333333
FACR,169,6.459948320413436,0.00016062461263655422,0.5333333333333333
FACR,170,6.426735218508997,3.0513684650726338e-05,0.5333333333333333
FACR,171,6.3938618925831205,0.00013160011932196667,0.5333333333333333
FACR,172,6.361323155216285,4.5221584529953235e-05,0.5333333333333333
FACR,173,6.329113924050633,0.00018575067583175107,0.5333333333333333
FACR,174,6.54911838790932,9.14989303295297e-05,0.5333333333333333
FACR,175,6.5,0.0001324333200333597,0.5333333333333333
FACR,176,6.467661691542288,0.0001843685184203046,0.5333333333333333
FACR,177,6.435643564356436,3.465660988876172e-05,0.5333333333333333
FACR,178,6.403940886699508,0.00020599253675433721,0.5333333333333333
FACR,179,6.356968215158925,0.00011787019698609808,0.5333333333333333
FACR,180,6.553398058252427,0.00012780491163275642,0.5333333333333333
FACR,181,6.521739130434782,0.00018026890683202248,0.5333333333333333
FACR,182,6.490384615384616,0.00015658390519187245,0.5333333333333333
FACR,183,6.4593301435406705,0.00021849180315239164,0.5333333333333333
FACR,184,6.413301662707839,3.304581126895744e-05,0.5333333333333333
FACR,185,6.382978723404255,0.00017443880032631204,0.5333333333333333
FACR,186,6.352941176470588,0.00018165639933653965,0.5333333333333333
FACR,187,6.308411214953271,0.00015745676192252767,0.5333333333333333
FACR,188,6.279069767441861,0.0001682085216375046,0.5333333333333333
FACR,189,6.481481481481481,8.917197216769226e-05,0.5333333333333333
FACR,190,6.451612903225806,5.1854494605643905e-05,0.5333333333333333
FACR,191,6.422018348623854,3.489775149308311e-05,0.5333333333333333
FACR,192,6.605922551252847,0.00017223506369299247,0.5333333333333333
FACR,193,6.575963718820861,0.00021806499679048155,0.5333333333333333
FACR,194,6.772009029345373,0.00015408211346097406,0.5333333333333333
FACR,195,6.741573033707865,0.00011158817113656227,0.5333333333333333
FACR,196,6.919642857142858,0.00011108182198510872,0.5333333333333333
FACR,197,6.888888888888889,6.085234546472136e-05,0.5333333333333333
FACR,198,6.843267108167771,4.191256997817236e-05,0.5333333333333333
FACR,199,6.813186813186813,0.0001976238564262164,0.5333333333333333
FACR,200,6.783369803063458,0.0001585658596466379,0.5333333333333333
RandomForest,1,0.0,0.014397996913228595,0.4
RandomForest,2,0.0,0.019448514619840436,0.5
RandomForest,3,0.0,0.007158430196521367,0.5333333333333333
RandomForest,4,0.0,0.0042801287056503275,0.5333333333333333
RandomForest,5,0.0,0.0041686807177994745,0.5333333333333333
RandomForest,6,0.0,0.004054253829548755,0.5333333333333333
RandomForest,7,0.0,0.0031129850162649702,0.5333333333333333
RandomForest,8,0.0,0.0008610493717234853,0.5333333333333333
RandomForest,9,0.0,0.003065391162201921,0.5333333333333333
RandomForest,10,0.0,0.0009451080271146235,0.5333333333333333
RandomForest,11,0.0,0.0007798891807486436,0.5333333333333333
RandomForest,12,0.0,0.0031450464926376033,0.5333333333333333
RandomForest,13,0.0,0.0029196740890628605,0.5333333333333333
RandomForest,14,0.0,0.002796582544125239,0.5333333333333333
RandomForest,15,0.0,0.001644411705920658,0.5333333333333333
RandomForest,16,0.0,0.0006945569765232092,0.5333333333333333
RandomForest,17,0.0,0.0013272272933510707,0.5333333333333333
RandomForest,18,0.0,0.001927114079036934,0.5333333333333333
RandomForest,19,0.0,0.002229469349952195,0.5333333333333333
RandomForest,20,0.0,0.0006857345409623137,0.5333333333333333
RandomForest,21,2.0,0.0013100518322428404,0.5333333333333333
RandomForest,22,1.9230769230769231,0.0010701952635295041,0.5333333333333333
RandomForest,23,3.7037037037037033,0.0010394763300827395,0.5333333333333333
RandomForest,24,5.357142857142857,0.0016669193763974768,0.5333333333333333
RandomForest,25,5.172413793103448,0.0016385938387597223,0.5333333333333333
RandomForest,26,5.0,0.00035061141695009285,0.5333333333333333
RandomForest,27,4.838709677419355,0.0013579011937646295,0.5333333333333333
RandomForest,28,4.6875,0.0005674089675993157,0.5333333333333333
RandomForest,29,4.477611940298507,0.0005434025670861221,0.5333333333333333
RandomForest,30,4.285714285714286,0.0002407724596268173,0.5333333333333333
RandomForest,31,5.555555555555555,0.0006660119711504417,0.5333333333333333
RandomForest,32,5.405405405405405,0.00024734206210678695,0.5333333333333333
RandomForest,33,6.493506493506493,0.0008054348539243156,0.5333333333333333
RandomForest,34,7.59493670886076,0.0003910264845386563,0.5333333333333333
RandomForest,35,8.641975308641975,0.001060520811103535,0.5333333333333333
RandomForest,36,8.433734939759036,0.000375982211593801,0.5333333333333333
RandomForest,37,8.235294117647058,0.0007382210493030459,0.5333333333333333
RandomForest,38,8.045977011494253,0.0009877895490821079,0.5333333333333333
RandomForest,39,7.777777777777778,0.00048783252389578835,0.5333333333333333
RandomForest,40,8.60215053763441,0.000981209477614839,0.5333333333333333
RandomForest,41,8.421052631578947,0.00039714758649326334,0.5333333333333333
RandomForest,42,8.24742268041237,0.0006475201514285246,0.5333333333333333
RandomForest,43,8.0,0.0006552551944320155,0.5333333333333333
RandomForest,44,8.737864077669903,0.00023232024975195807,0.5333333333333333
RandomForest,45,9.523809523809524,0.0008405051820959105,0.5333333333333333
RandomForest,46,10.2803738317757,0.0001191670948243253,0.5333333333333333
RandomForest,47,10.0,0.0008810918664713402,0.5333333333333333
RandomForest,48,9.821428571428571,0.0006489087282508605,0.5333333333333333
RandomForest,49,9.649122807017543,0.0002852116430987109,0.5333333333333333
RandomForest,50,10.256410256410255,0.0005765370387337379,0.5333333333333333
RandomForest,51,10.92436974789916,0.0007333584757422405,0.5333333333333333
RandomForest,52,10.743801652892563,0.00018115440942446506,0.5333333333333333
RandomForest,53,10.483870967741936,0.0007059761343263387,0.5333333333333333
RandomForest,54,10.236220472440944,0.0005276470891630698,0.5333333333333333
RandomForest,55,10.077519379844961,0.00033113428449398107,0.5333333333333333
RandomForest,56,9.923664122137405,0.0003670318581021515,0.5333333333333333
RandomForest,57,10.526315789473683,0.0002967383048120822,0.5333333333333333
RandomForest,58,10.294117647058822,0.0007319418482741868,0.5333333333333333
RandomForest,59,10.144927536231885,0.0005553973356027131,0.5333333333333333
RandomForest,60,9.929078014184398,0.0003093793706560117,0.5333333333333333
RandomForest,61,10.48951048951049,0.00021573004672853803,0.5333333333333333
RandomForest,62,11.03448275862069,0.00020650334825057456,0.5333333333333333
RandomForest,63,10.81081081081081,0.0004632716659580748,0.5333333333333333
RandomForest,64,11.258278145695364,0.0002665359956869821,0.5333333333333333
RandomForest,65,11.11111111111111,0.00028105565328271774,0.5333333333333333
RandomForest,66,10.967741935483872,0.00010037646512761324,0.5333333333333333
RandomForest,67,10.828025477707007,0.00023028404523752158,0.5333333333333333
RandomForest,68,10.625,0.0006188293585223204,0.5333333333333333
RandomForest,69,11.042944785276074,0.00030341300301660253,0.5333333333333333
RandomForest,70,10.909090909090908,9.312768307902138e-05,0.5333333333333333
RandomForest,71,11.377245508982035,0.00035215689806355506,0.5333333333333333
RandomForest,72,11.834319526627219,0.00040310831939351023,0.5333333333333333
RandomForest,73,12.280701754385964,0.00044329334422252514,0.5333333333333333
RandomForest,74,12.643678160919542,0.000151529329897041,0.5333333333333333
RandomForest,75,12.429378531073446,0.0001677420905231305,0.5333333333333333
RandomForest,76,12.849162011173185,6.096313506032369e-05,0.5333333333333333
RandomForest,77,13.186813186813188,0.00044486255079919084,0.5333333333333333
RandomForest,78,13.513513513513514,0.00039948861872623646,0.5333333333333333
RandomForest,79,13.368983957219251,0.00024027262705106738,0.5333333333333333
RandomForest,80,13.684210526315791,0.00043768357988061143,0.5333333333333333
RandomForest,81,13.989637305699482,0.00016686406160105362,0.5333333333333333
RandomForest,82,14.358974358974358,0.00041271570375955315,0.5333333333333333
RandomForest,83,14.213197969543149,0.0004810864633209616,0.5333333333333333
RandomForest,84,14.572864321608039,0.00045347010102668873,0.5333333333333333
RandomForest,85,14.925373134328357,0.0003590505346368306,0.5333333333333333
RandomForest,86,15.270935960591133,9.354548518294215e-05,0.5333333333333333
RandomForest,87,15.609756097560975,0.0001785236022279637,0.5333333333333333
RandomForest,88,15.384615384615385,0.00039619487629331666,0.5333333333333333
RandomForest,89,15.714285714285714,0.00010114273033881338,0.5333333333333333
RandomForest,90,15.566037735849056,0.00015017718508842856,0.5333333333333333
RandomForest,91,15.887850467289718,0.00018083630472226508,0.5333333333333333
RandomForest,92,16.203703703703702,0.0001936070148665039,0.5333333333333333
RandomForest,93,16.51376146788991,0.0004074475490538383,0.5333333333333333
RandomForest,94,16.818181818181817,0.00045052591515828635,0.5333333333333333
RandomForest,95,17.040358744394617,0.0003412262893550396,0.5333333333333333
RandomForest,96,17.25663716814159,0.00032918094059733325,0.5333333333333333
RandomForest,97,17.543859649122805,0.00040534515409556936,0.5333333333333333
RandomForest,98,17.74891774891775,0.000397102476562669,0.5333333333333333
RandomForest,99,17.59656652360515,0.00013555469008924497,0.5333333333333333
RandomForest,100,17.796610169491526,0.00013573003147101465,0.5333333333333333
RandomForest,101,18.067226890756302,0.000324994750032137,0.5333333333333333
RandomForest,102,18.333333333333332,0.00012699404884921087,0.5333333333333333
RandomForest,103,18.51851851851852,5.7285142204279654e-05,0.5333333333333333
RandomForest,104,18.367346938775512,0.00012115081527646575,0.5333333333333333
RandomForest,105,18.14516129032258,0.00017406470772239748,0.5333333333333333
RandomForest,106,18.4,0.0003380659690010907,0.5333333333333333
RandomForest,107,18.253968253968253,0.0002265504510852475,0.5333333333333333
RandomForest,108,18.503937007874015,0.00034306487104941724,0.5333333333333333
RandomForest,109,18.75,0.0003593470649677983,0.5333333333333333
RandomForest,110,18.91891891891892,0.0002482067415087146,0.5333333333333333
RandomForest,111,19.157088122605366,0.0003155918274832081,0.5333333333333333
RandomForest,112,19.011406844106464,0.00021380015515073725,0.5333333333333333
RandomForest,113,18.796992481203006,0.00012086416628318813,0.5333333333333333
RandomForest,114,19.029850746268657,5.908523530190177e-05,0.5333333333333333
RandomForest,115,18.88888888888889,0.00028349772665326324,0.5333333333333333
RandomForest,116,19.11764705882353,0.00016211486282000968,0.5333333333333333
RandomForest,117,19.34306569343066,0.00012291349036524837,0.5333333333333333
RandomForest,118,19.565217391304348,0.0003376703418453767,0.5333333333333333
RandomForest,119,19.784172661870503,0.00014116867204536405,0.5333333333333333
RandomForest,120,20.0,0.00030524484403130604,0.5333333333333333
RandomForest,121,19.858156028368796,0.0002927961333820196,0.5333333333333333
RandomForest,122,19.649122807017545,8.215349086869836e-05,0.5333333333333333
RandomForest,123,19.791666666666664,0.00013113199806650866,0.5333333333333333
RandomForest,124,19.587628865979383,0.00017638003549540196,0.5333333333333333
RandomForest,125,19.795221843003414,0.0003059741818794337,0.5333333333333333
RandomForest,126,19.661016949152543,0.0001459364734501314,0.5333333333333333
RandomForest,127,19.798657718120804,0.0001632014169311573,0.5333333333333333
RandomForest,128,19.601328903654487,6.731175157111718e-05,0.5333333333333333
RandomForest,129,19.736842105263158,4.917825121216121e-05,0.5333333333333333
RandomForest,130,19.607843137254903,8.856452103379296e-05,0.5333333333333333
RandomForest,131,19.805194805194805,0.000173523907841171,0.5333333333333333
RandomForest,132,20.0,0.00030998441581681356,0.5333333333333333
RandomForest,133,19.871794871794872,7.513746478212251e-05,0.5333333333333333
RandomForest,134,20.063694267515924,0.0001081137099477862,0.5333333333333333
RandomForest,135,20.253164556962027,0.00019553051522692245,0.5333333333333333
RandomForest,136,20.440251572327046,0.00028383267718381,0.5333333333333333
RandomForest,137,20.3125,0.00030908013172497434,0.5333333333333333
RandomForest,138,20.496894409937887,7.105507580076028e-05,0.5333333333333333
RandomForest,139,20.679012345679013,5.232661371621485e-05,0.5333333333333333
RandomForest,140,20.552147239263803,0.00027797793131931236,0.5333333333333333
RandomForest,141,20.364741641337385,8.728770699751596e-05,0.5333333333333333
RandomForest,142,20.180722891566266,0.0001335589460997189,0.5333333333333333
RandomForest,143,20.0,0.00019335334122079752,0.5333333333333333
RandomForest,144,20.178041543026705,5.2552671634812864e-05,0.5333333333333333
RandomForest,145,20.294117647058822,0.00023370590476259187,0.5333333333333333
RandomForest,146,20.408163265306122,8.038731247819702e-05,0.5333333333333333
RandomForest,147,20.579710144927535,0.00019911401807198986,0.5333333333333333
RandomForest,148,20.461095100864554,0.00017004008535497774,0.5333333333333333
RandomForest,149,20.630372492836678,8.091441713242744e-05,0.5333333333333333
RandomForest,150,20.51282051282051,0.00015898700391749925,0.5333333333333333
RandomForest,151,20.679886685552407,5.05513675661606e-05,0.5333333333333333
RandomForest,152,20.786516853932586,9.663279323225933e-05,0.5333333333333333
RandomForest,153,20.61281337047354,5.542196106009846e-05,0.5333333333333333
RandomForest,154,20.498614958448755,0.0002408331608924704,0.5333333333333333
RandomForest,155,20.604395604395602,0.0002008921798029441,0.5333333333333333
RandomForest,156,20.491803278688526,5.310337714285995e-05,0.5333333333333333
RandomForest,157,20.59620596205962,0.00012544356564954685,0.5333333333333333
RandomForest,158,20.43010752688172,0.00011149413829352702,0.5333333333333333
RandomForest,159,20.588235294117645,0.00024082325171796755,0.5333333333333333
RandomForest,160,20.424403183023873,3.913149798874113e-05,0.5333333333333333
RandomForest,161,20.526315789473685,3.931405787612979e-05,0.5333333333333333
RandomForest,162,20.680628272251308,0.00014973227151509117,0.5333333333333333
RandomForest,163,20.833333333333336,0.0001349146731810314,0.5333333333333333
RandomForest,164,20.984455958549223,0.00014628832678380957,0.5333333333333333
RandomForest,165,21.1340206185567,4.160713009758664e-05,0.5333333333333333
RandomForest,166,21.22762148337596,0.00018095765876347707,0.5333333333333333
RandomForest,167,21.31979695431472,0.00011303235005931053,0.5333333333333333
RandomForest,168,21.464646464646464,7.09843500236362e-05,0.5333333333333333
RandomForest,169,21.608040201005025,0.0002503042705681227,0.5333333333333333
RandomForest,170,21.75,2.9260764321839422e-05,0.5333333333333333
RandomForest,171,21.890547263681594,3.600196458271875e-05,0.5333333333333333
RandomForest,172,22.02970297029703,0.00010461218493734954,0.5333333333333333
RandomForest,173,21.921182266009854,3.524786132715273e-05,0.5333333333333333
RandomForest,174,21.813725490196077,0.00023596671217247678,0.5333333333333333
RandomForest,175,21.951219512195124,0.00020001459237885562,0.5333333333333333
RandomForest,176,22.0873786407767,0.00021216238709938624,0.5333333333333333
RandomForest,177,22.22222222222222,0.00011926832827711888,0.5333333333333333
RandomForest,178,22.355769230769234,5.0774099816793474e-05,0.5333333333333333
RandomForest,179,22.434367541766107,0.00011512875777027162,0.5333333333333333
RandomForest,180,22.565320665083135,9.808050697431723e-05,0.5333333333333333
RandomForest,181,22.641509433962266,8.948387270953295e-05,0.5333333333333333
RandomForest,182,22.769953051643192,0.00013135923714602883,0.5333333333333333
RandomForest,183,22.897196261682243,2.8172346035491304e-05,0.5333333333333333
RandomForest,184,23.02325581395349,0.00021371472335975775,0.5333333333333333
RandomForest,185,22.916666666666664,0.00019423050177306447,0.5333333333333333
RandomForest,186,22.988505747126435,0.0001498998218539891,0.5333333333333333
RandomForest,187,23.059360730593607,0.00010174293284044455,0.5333333333333333
RandomForest,188,23.18181818181818,4.0434382304125477e-05,0.5333333333333333
RandomForest,189,23.076923076923077,0.00020940111688986244,0.5333333333333333
RandomForest,190,23.1981981981982,0.000127774087343681,0.5333333333333333
RandomForest,191,23.318385650224215,0.0001139084875942647,0.5333333333333333
RandomForest,192,23.385300668151448,8.38961089967936e-05,0.5333333333333333
RandomForest,193,23.503325942350333,7.326501187130918e-05,0.5333333333333333
RandomForest,194,23.399558498896248,0.00016461273981266088,0.5333333333333333
RandomForest,195,23.464912280701753,0.0001118587041041482,0.5333333333333333
RandomForest,196,23.580786026200872,3.0029943332867146e-05,0.5333333333333333
RandomForest,197,23.695652173913043,9.710548660263492e-05,0.5333333333333333
RandomForest,198,23.809523809523807,0.00013237550776504828,0.5333333333333333
RandomForest,199,23.870967741935484,0.0001730334013428261,0.5333333333333333
RandomForest,200,23.98286937901499,0.00010042992566801768,0.5333333333333333
