Simulation Time,Subscribers,Total Requests,Hop Reduction Ratio,Cache Hit Ratio (%),Latency,Active Paths,Policy,Publishers
2025-12-27 17:55:40,1,6,0,0.0,0.00706574716039808,1,LRU,3
2025-12-27 17:55:40,1,12,0,0.0,0.007745414225352714,2,LRU,3
2025-12-27 17:55:40,1,18,0,0.0,0.0038266119453900494,3,LRU,3
2025-12-27 17:55:40,1,24,0,0.0,0.0006520749580563529,4,LRU,3
2025-12-27 17:55:40,1,30,0,0.0,0.001790414689476057,5,LRU,3
2025-12-27 17:55:40,1,36,0,0.0,0.0003140954103864778,6,LRU,3
2025-12-27 17:55:40,1,42,0,0.0,0.0022254918164859466,7,LRU,3
2025-12-27 17:55:40,1,48,0,0.0,0.001955315357591953,8,LRU,3
2025-12-27 17:55:40,1,54,0,0.0,0.0004784144476883557,9,LRU,3
2025-12-27 17:55:40,1,60,0,0.0,0.0004175649746748191,10,LRU,3
2025-12-27 17:55:40,1,66,0,0.0,0.0004414525456196775,11,LRU,3
2025-12-27 17:55:40,1,72,0,0.0,0.0008961328700822966,12,LRU,3
2025-12-27 17:55:40,1,72,0,0.0,0.0008956842460563102,12,LRU,3
2025-12-27 17:55:40,1,78,0,0.0,0.0011152955700588782,13,LRU,3
2025-12-27 17:55:40,1,84,0,0.0,0.0003860558085920545,14,LRU,3
2025-12-27 17:55:40,1,90,0,0.0,0.00012493213667262622,15,LRU,3
2025-12-27 17:55:40,1,96,0,0.0,0.000926099738089888,16,LRU,3
2025-12-27 17:55:40,1,102,0,0.0,0.0001800692181591515,17,LRU,3
2025-12-27 17:55:40,1,108,0,0.0,0.0003602105153305641,18,LRU,3
2025-12-27 17:55:40,1,114,0,0.0,0.000764457245228556,19,LRU,3
2025-12-27 17:55:40,1,120,0,0.0,0.0003112546683657968,20,LRU,3
2025-12-27 17:55:40,1,126,0,0.0,0.00011266866411347939,21,LRU,3
2025-12-27 17:55:40,1,132,0,0.0,0.00022742221991665302,22,LRU,3
2025-12-27 17:55:40,1,132,0,0.0,0.0003243357736925869,22,LRU,3
2025-12-27 17:55:40,1,132,0,0.0,0.0006055487890614089,22,LRU,3
2025-12-27 17:55:40,1,138,0,0.0,0.00061705958503021,23,LRU,3
2025-12-27 17:55:40,1,144,0,0.0,0.0004241806863724666,24,LRU,3
2025-12-27 17:55:40,1,150,0,0.0,0.00028022123186510046,25,LRU,3
2025-12-27 17:55:41,1,156,0,0.641025641025641,0.0005937335099334864,27,LRU,3
2025-12-27 17:55:41,1,162,0,0.6172839506172839,0.0004465002192338112,28,LRU,3
2025-12-27 17:55:41,1,168,0,0.5952380952380952,0.00020118762199634204,29,LRU,3
2025-12-27 17:55:41,1,174,0,0.5747126436781609,0.00028573124997497454,30,LRU,3
2025-12-27 17:55:41,1,180,0,0.5555555555555556,0.00013822112732046619,31,LRU,3
2025-12-27 17:55:41,1,186,0,0.5376344086021506,0.00029190840502235524,32,LRU,3
2025-12-27 17:55:41,1,192,0,0.5208333333333333,0.00011627843217238577,33,LRU,3
2025-12-27 17:55:41,1,198,0,0.5050505050505051,8.6060784130544e-05,34,LRU,3
2025-12-27 17:55:41,1,204,0,0.49019607843137253,0.00039305821919321805,35,LRU,3
2025-12-27 17:55:41,1,210,0,0.4761904761904762,0.00015518937461740477,36,LRU,3
2025-12-27 17:55:41,1,216,0,0.4629629629629629,0.00019854224566198534,37,LRU,3
2025-12-27 17:55:41,1,222,0,0.45045045045045046,0.0003411591627084797,38,LRU,3
2025-12-27 17:55:41,1,228,0,0.43859649122807015,0.00036834489028875016,39,LRU,3
2025-12-27 17:55:41,1,234,0,0.4273504273504274,0.00018255308181521886,40,LRU,3
2025-12-27 17:55:41,1,240,0,0.4166666666666667,0.00038578512954770284,42,LRU,3
2025-12-27 17:55:41,1,246,0,0.40650406504065045,0.00026052994158350264,43,LRU,3
2025-12-27 17:55:41,1,252,0,0.3968253968253968,0.00034314498972575093,44,LRU,3
2025-12-27 17:55:41,1,258,0,0.3875968992248062,0.0002095135480955493,45,LRU,3
2025-12-27 17:55:41,1,264,0,0.3787878787878788,0.0003120344401303662,46,LRU,3
2025-12-27 17:55:41,1,270,0,0.3703703703703704,0.0001525188929497949,48,LRU,3
2025-12-27 17:55:41,1,270,0,0.3703703703703704,0.00020226708712585943,48,LRU,3
2025-12-27 17:55:41,1,276,0,0.36231884057971014,0.0003348418829347011,49,LRU,3
2025-12-27 17:55:41,1,6,0,0.0,0.0021093738957130475,1,LFU,3
2025-12-27 17:55:41,1,12,0,0.0,0.004864328314787957,2,LFU,3
2025-12-27 17:55:41,1,18,0,0.0,0.002170986715407872,3,LFU,3
2025-12-27 17:55:41,1,24,0,0.0,0.0031375692496101674,4,LFU,3
2025-12-27 17:55:41,1,30,0,0.0,0.0025400884613488626,5,LFU,3
2025-12-27 17:55:41,1,36,0,0.0,0.000713220361832251,6,LFU,3
2025-12-27 17:55:42,1,42,0,0.0,0.0011720543504852498,7,LFU,3
2025-12-27 17:55:42,1,48,0,0.0,0.0013835911460215301,8,LFU,3
2025-12-27 17:55:42,1,54,0,0.0,0.0015655998097570583,9,LFU,3
2025-12-27 17:55:42,1,60,0,0.0,0.0007118912304534583,10,LFU,3
2025-12-27 17:55:42,1,66,0,0.0,0.0007097874174922484,11,LFU,3
2025-12-27 17:55:42,1,72,0,0.0,0.0008576558996003551,12,LFU,3
2025-12-27 17:55:42,1,78,0,0.0,0.0008774571224796097,13,LFU,3
2025-12-27 17:55:42,1,84,0,0.0,0.0010502063353171984,14,LFU,3
2025-12-27 17:55:42,1,90,0,0.0,0.0005320266452684695,15,LFU,3
2025-12-27 17:55:42,1,96,0,0.0,0.0006675263712788422,16,LFU,3
2025-12-27 17:55:42,1,102,0,0.0,0.0009296239400476989,17,LFU,3
2025-12-27 17:55:42,1,108,0,0.0,0.00028289637980000827,18,LFU,3
2025-12-27 17:55:42,1,114,0,0.0,0.0003229107669010988,19,LFU,3
2025-12-27 17:55:42,1,120,0,0.0,0.000632206118839263,20,LFU,3
2025-12-27 17:55:42,1,126,0,0.7936507936507936,0.0006047706121193615,22,LFU,3
2025-12-27 17:55:42,1,132,0,0.7575757575757576,0.0003147409799749769,23,LFU,3
2025-12-27 17:55:42,1,138,0,0.7246376811594203,0.000256267900855231,24,LFU,3
2025-12-27 17:55:42,1,144,0,0.6944444444444444,0.00022654015191272132,25,LFU,3
2025-12-27 17:55:42,1,150,0,0.6666666666666667,0.00013799738776439733,26,LFU,3
2025-12-27 17:55:42,1,156,0,0.641025641025641,0.00017341430790296134,27,LFU,3
2025-12-27 17:55:42,1,162,0,0.6172839506172839,0.0005078856919936905,28,LFU,3
2025-12-27 17:55:42,1,168,0,0.5952380952380952,0.0002554787022117676,29,LFU,3
2025-12-27 17:55:42,1,174,0,0.5747126436781609,0.00012800746759279385,30,LFU,3
2025-12-27 17:55:42,1,180,0,0.5555555555555556,0.0003197434508941205,31,LFU,3
2025-12-27 17:55:42,1,186,0,0.5376344086021506,0.00020195836298919634,32,LFU,3
2025-12-27 17:55:42,1,192,0,1.0416666666666665,0.0004228557744823226,34,LFU,3
2025-12-27 17:55:42,1,198,0,1.0101010101010102,0.00040132059092445313,35,LFU,3
2025-12-27 17:55:42,1,204,0,0.9803921568627451,6.613577712464568e-05,36,LFU,3
2025-12-27 17:55:42,1,210,0,1.4285714285714286,0.0002730422420134236,38,LFU,3
2025-12-27 17:55:42,1,216,0,1.3888888888888888,7.949475030161878e-05,39,LFU,3
2025-12-27 17:55:42,1,222,0,1.8018018018018018,0.00013973345109061114,41,LFU,3
2025-12-27 17:55:42,1,228,0,1.7543859649122806,0.00024364343286156157,42,LFU,3
2025-12-27 17:55:42,1,234,0,1.7094017094017095,6.880690866670508e-05,43,LFU,3
2025-12-27 17:55:42,1,240,0,2.083333333333333,7.488281254682287e-05,45,LFU,3
2025-12-27 17:55:43,1,246,0,2.0325203252032518,0.00033752303891510394,47,LFU,3
2025-12-27 17:55:43,1,252,0,1.984126984126984,0.0003283400408508124,48,LFU,3
2025-12-27 17:55:43,1,258,0,1.937984496124031,0.0003687460997656276,50,LFU,3
2025-12-27 17:55:43,1,264,0,1.893939393939394,0.00010626175330010746,51,LFU,3
2025-12-27 17:55:43,1,264,0,1.893939393939394,0.00019198279518708232,51,LFU,3
2025-12-27 17:55:43,1,270,0,1.8518518518518516,0.0002920973613809327,52,LFU,3
2025-12-27 17:55:43,1,276,0,1.8115942028985508,0.00029732608921075775,53,LFU,3
2025-12-27 17:55:43,1,282,0,1.773049645390071,0.00023067755240946614,54,LFU,3
2025-12-27 17:55:43,1,288,0,1.7361111111111112,0.00016611743986241688,55,LFU,3
2025-12-27 17:55:43,1,294,0,1.7006802721088436,0.00016982029730877398,57,LFU,3
2025-12-27 17:55:43,1,6,0,0.0,0.008216661397537378,1,FIFO,3
2025-12-27 17:55:43,1,12,0,0.0,0.003132317839912736,2,FIFO,3
2025-12-27 17:55:43,1,18,0,0.0,0.003920463369643638,3,FIFO,3
2025-12-27 17:55:43,1,24,0,0.0,0.0016264102457170815,4,FIFO,3
2025-12-27 17:55:43,1,30,0,0.0,0.001535216233501276,5,FIFO,3
2025-12-27 17:55:43,1,36,0,0.0,0.001652732535306295,6,FIFO,3
2025-12-27 17:55:43,1,42,0,0.0,0.000844024943470747,7,FIFO,3
2025-12-27 17:55:43,1,48,0,0.0,0.0009840729891439602,8,FIFO,3
2025-12-27 17:55:43,1,54,0,0.0,0.0010321260659196575,9,FIFO,3
2025-12-27 17:55:43,1,60,0,0.0,0.0005192536397481333,10,FIFO,3
2025-12-27 17:55:43,1,66,0,0.0,0.0007852607489042499,11,FIFO,3
2025-12-27 17:55:43,1,72,0,0.0,0.0013617043602227345,12,FIFO,3
2025-12-27 17:55:43,1,78,0,0.0,0.0006660078262974873,13,FIFO,3
2025-12-27 17:55:43,1,84,0,0.0,0.00032107041849398666,14,FIFO,3
2025-12-27 17:55:43,1,90,0,0.0,0.001111083467669529,15,FIFO,3
2025-12-27 17:55:43,1,96,0,1.0416666666666665,0.0001602035487118347,17,FIFO,3
2025-12-27 17:55:43,1,102,0,0.9803921568627451,0.0008361116362283553,18,FIFO,3
2025-12-27 17:55:43,1,108,0,0.9259259259259258,0.0003090474015039232,19,FIFO,3
2025-12-27 17:55:43,1,114,0,0.8771929824561403,0.0008041004927629586,20,FIFO,3
2025-12-27 17:55:43,1,120,0,0.8333333333333334,0.00018958335504571373,21,FIFO,3
2025-12-27 17:55:43,1,126,0,0.7936507936507936,0.00019428162079282045,22,FIFO,3
2025-12-27 17:55:43,1,132,0,0.7575757575757576,0.0006910508023980621,23,FIFO,3
2025-12-27 17:55:43,1,138,0,1.4492753623188406,0.0004986400658209194,25,FIFO,3
2025-12-27 17:55:43,1,144,0,1.3888888888888888,0.0002267911321373351,26,FIFO,3
2025-12-27 17:55:43,1,150,0,1.3333333333333335,0.0004422568897507944,27,FIFO,3
2025-12-27 17:55:44,1,156,0,1.282051282051282,0.0005684401824468726,28,FIFO,3
2025-12-27 17:55:44,1,162,0,1.8518518518518516,0.0002174930967557633,30,FIFO,3
2025-12-27 17:55:44,1,168,0,1.7857142857142856,0.0003058229763431263,31,FIFO,3
2025-12-27 17:55:44,1,174,0,1.7241379310344827,0.00038736320090550973,32,FIFO,3
2025-12-27 17:55:44,1,180,0,1.6666666666666667,0.00047671029492148955,33,FIFO,3
2025-12-27 17:55:44,1,186,0,2.1505376344086025,0.0005277022610048457,36,FIFO,3
2025-12-27 17:55:44,1,192,0,2.604166666666667,0.00013599189068604688,38,FIFO,3
2025-12-27 17:55:44,1,198,0,3.0303030303030303,8.940301233049834e-05,40,FIFO,3
2025-12-27 17:55:44,1,204,0,2.941176470588235,0.0003478066640135685,41,FIFO,3
2025-12-27 17:55:44,1,210,0,2.857142857142857,0.00017979919572589992,42,FIFO,3
2025-12-27 17:55:44,1,216,0,2.7777777777777777,0.00029525084613225567,43,FIFO,3
2025-12-27 17:55:44,1,222,0,3.153153153153153,0.00015984341050549094,45,FIFO,3
2025-12-27 17:55:44,1,228,0,3.070175438596491,0.00033231202076942196,47,FIFO,3
2025-12-27 17:55:44,1,234,0,2.9914529914529915,0.0002694990504187446,48,FIFO,3
2025-12-27 17:55:44,1,240,0,2.9166666666666665,0.00017341104857529287,49,FIFO,3
2025-12-27 17:55:44,1,246,0,2.8455284552845526,0.00019521434635135144,51,FIFO,3
2025-12-27 17:55:44,1,252,0,2.7777777777777777,0.0002678460050622032,52,FIFO,3
2025-12-27 17:55:44,1,258,0,2.7131782945736433,0.00016857653537713472,53,FIFO,3
2025-12-27 17:55:44,1,264,0,2.6515151515151514,0.0002561705561980596,54,FIFO,3
2025-12-27 17:55:44,1,270,0,2.5925925925925926,8.979229240735641e-05,55,FIFO,3
2025-12-27 17:55:44,1,276,0,2.536231884057971,0.00018782621103914,57,FIFO,3
2025-12-27 17:55:44,1,282,0,2.4822695035460995,8.331966820019382e-05,58,FIFO,3
2025-12-27 17:55:44,1,288,0,2.430555555555556,0.0002506993766916887,59,FIFO,3
2025-12-27 17:55:44,1,294,0,2.380952380952381,0.0003304159923649153,60,FIFO,3
2025-12-27 17:55:44,1,300,0,2.666666666666667,0.00017682679665367818,63,FIFO,3
2025-12-27 17:55:44,1,6,0,0.0,0.00790468981503292,1,MRU,3
2025-12-27 17:55:44,1,12,0,0.0,0.001584328504435718,2,MRU,3
2025-12-27 17:55:44,1,18,0,0.0,0.004811141256873309,3,MRU,3
2025-12-27 17:55:44,1,24,0,0.0,0.0031622944050247325,4,MRU,3
2025-12-27 17:55:44,1,30,0,0.0,0.0006365123021574814,5,MRU,3
2025-12-27 17:55:44,1,36,0,0.0,0.002490464286284305,6,MRU,3
2025-12-27 17:55:44,1,42,0,0.0,0.002016365448360203,7,MRU,3
2025-12-27 17:55:44,1,48,0,0.0,0.0017790003399941292,8,MRU,3
2025-12-27 17:55:44,1,54,0,0.0,0.0014364083892525936,9,MRU,3
2025-12-27 17:55:44,1,54,0,0.0,0.0005827419492936551,9,MRU,3
2025-12-27 17:55:45,1,60,0,0.0,0.0004910779950176378,10,MRU,3
2025-12-27 17:55:45,1,66,0,0.0,0.000830064226208479,11,MRU,3
2025-12-27 17:55:45,1,72,0,0.0,0.0010485749359734258,12,MRU,3
2025-12-27 17:55:45,1,78,0,1.282051282051282,0.0008420779238216458,14,MRU,3
2025-12-27 17:55:45,1,84,0,1.1904761904761905,0.0011555661153668097,15,MRU,3
2025-12-27 17:55:45,1,90,0,1.1111111111111112,0.001101606978513594,16,MRU,3
2025-12-27 17:55:45,1,96,0,1.0416666666666665,0.00010847878193223064,17,MRU,3
2025-12-27 17:55:45,1,102,0,0.9803921568627451,0.0007908313495233225,18,MRU,3
2025-12-27 17:55:45,1,108,0,0.9259259259259258,0.000348670530911492,19,MRU,3
2025-12-27 17:55:45,1,114,0,0.8771929824561403,0.0006838235549062043,20,MRU,3
2025-12-27 17:55:45,1,120,0,0.8333333333333334,0.0007531393934833418,21,MRU,3
2025-12-27 17:55:45,1,126,0,0.7936507936507936,0.0007913436172662961,22,MRU,3
2025-12-27 17:55:45,1,132,0,0.7575757575757576,0.00026492656438656533,23,MRU,3
2025-12-27 17:55:45,1,138,0,0.7246376811594203,0.0006301426633407679,24,MRU,3
2025-12-27 17:55:45,1,144,0,0.6944444444444444,0.0001200590432910147,25,MRU,3
2025-12-27 17:55:45,1,150,0,1.3333333333333335,0.00010434652742895988,27,MRU,3
2025-12-27 17:55:45,1,156,0,1.282051282051282,0.0005376637970072162,28,MRU,3
2025-12-27 17:55:45,1,162,0,1.2345679012345678,0.00044881322371037027,29,MRU,3
2025-12-27 17:55:45,1,168,0,1.1904761904761905,7.756101233857268e-05,31,MRU,3
2025-12-27 17:55:45,1,174,0,1.1494252873563218,0.00041039750453628553,32,MRU,3
2025-12-27 17:55:45,1,180,0,1.1111111111111112,0.00010732875257870897,33,MRU,3
2025-12-27 17:55:45,1,186,0,1.0752688172043012,0.0002522219636581913,34,MRU,3
2025-12-27 17:55:45,1,192,0,1.0416666666666665,0.0004215674994223837,35,MRU,3
2025-12-27 17:55:45,1,198,0,1.0101010101010102,0.00011312729330717342,37,MRU,3
2025-12-27 17:55:45,1,204,0,0.9803921568627451,0.00020825064078905094,38,MRU,3
2025-12-27 17:55:45,1,210,0,1.4285714285714286,5.404967037555039e-05,40,MRU,3
2025-12-27 17:55:45,1,216,0,1.3888888888888888,0.0003552240483915636,41,MRU,3
2025-12-27 17:55:45,1,222,0,1.3513513513513513,7.763264943430582e-05,42,MRU,3
2025-12-27 17:55:45,1,228,0,1.3157894736842104,0.0003502505085552307,43,MRU,3
2025-12-27 17:55:45,1,234,0,1.282051282051282,9.14225205644427e-05,44,MRU,3
2025-12-27 17:55:45,1,240,0,1.25,0.0003135017182750427,45,MRU,3
2025-12-27 17:55:46,1,246,0,1.2195121951219512,6.0944134261971296e-05,48,MRU,3
2025-12-27 17:55:46,1,252,0,1.1904761904761905,0.00014308815651558528,49,MRU,3
2025-12-27 17:55:46,1,258,0,1.1627906976744187,9.925075090897014e-05,53,MRU,3
2025-12-27 17:55:46,1,264,0,1.1363636363636365,0.0002458032768156146,54,MRU,3
2025-12-27 17:55:46,1,270,0,1.1111111111111112,0.00024775690524984277,55,MRU,3
2025-12-27 17:55:46,1,276,0,1.0869565217391304,0.0001657421845500011,57,MRU,3
2025-12-27 17:55:46,1,282,0,1.0638297872340425,6.749600549240233e-05,59,MRU,3
2025-12-27 17:55:46,1,288,0,1.0416666666666665,0.00033626853541601824,60,MRU,3
2025-12-27 17:55:46,1,294,0,1.0204081632653061,0.00021947072172019008,62,MRU,3
2025-12-27 17:55:46,1,6,0,0.0,0.00733312086328616,1,FACR,3
2025-12-27 17:55:46,1,12,0,0.0,0.007703978904950237,2,FACR,3
2025-12-27 17:55:46,1,18,0,0.0,0.001088043577290325,3,FACR,3
2025-12-27 17:55:46,1,24,0,0.0,0.003602094284801231,4,FACR,3
2025-12-27 17:55:46,1,30,0,0.0,0.001653207971813861,5,FACR,3
2025-12-27 17:55:46,1,36,0,0.0,0.0017669784780000493,6,FACR,3
2025-12-27 17:55:46,1,42,0,0.0,0.0010913414058594053,7,FACR,3
2025-12-27 17:55:46,1,48,0,2.083333333333333,0.0017923575292092331,9,FACR,3
2025-12-27 17:55:46,1,54,0,1.8518518518518516,0.0005645994437477905,10,FACR,3
2025-12-27 17:55:46,1,60,0,1.6666666666666667,0.0001864218618011023,11,FACR,3
2025-12-27 17:55:46,1,66,0,1.5151515151515151,0.0014896423184213002,12,FACR,3
2025-12-27 17:55:46,1,72,0,1.3888888888888888,0.0005583438153333416,13,FACR,3
2025-12-27 17:55:46,1,78,0,1.282051282051282,0.00045661441564348186,14,FACR,3
2025-12-27 17:55:46,1,84,0,1.1904761904761905,0.0004281320760090859,15,FACR,3
2025-12-27 17:55:46,1,90,0,1.1111111111111112,0.00022399186103640522,16,FACR,3
2025-12-27 17:55:46,1,96,0,2.083333333333333,0.00023845916896239136,18,FACR,3
2025-12-27 17:55:46,1,102,0,1.9607843137254901,0.0008274467943670022,19,FACR,3
2025-12-27 17:55:46,1,108,0,1.8518518518518516,0.0007980911404777421,20,FACR,3
2025-12-27 17:55:46,1,114,0,1.7543859649122806,0.00018324116587075875,21,FACR,3
2025-12-27 17:55:46,1,120,0,1.6666666666666667,0.0005900269652600296,22,FACR,3
2025-12-27 17:55:46,1,126,0,1.5873015873015872,0.0005402958196299398,23,FACR,3
2025-12-27 17:55:46,1,132,0,1.5151515151515151,0.00015794100403820037,24,FACR,3
2025-12-27 17:55:46,1,138,0,1.4492753623188406,0.0005024657040503397,25,FACR,3
2025-12-27 17:55:46,1,144,0,1.3888888888888888,7.37239665233581e-05,26,FACR,3
2025-12-27 17:55:46,1,150,0,1.3333333333333335,0.0004225336449695863,27,FACR,3
2025-12-27 17:55:46,1,156,0,1.282051282051282,0.0002047094174448661,28,FACR,3
2025-12-27 17:55:46,1,162,0,1.8518518518518516,0.00011817703287489179,30,FACR,3
2025-12-27 17:55:47,1,168,0,1.7857142857142856,0.00041116734973400135,31,FACR,3
2025-12-27 17:55:47,1,174,0,1.7241379310344827,7.443284855702045e-05,32,FACR,3
2025-12-27 17:55:47,1,180,0,2.2222222222222223,0.0002097822269351316,34,FACR,3
2025-12-27 17:55:47,1,186,0,2.1505376344086025,7.577119696385993e-05,35,FACR,3
2025-12-27 17:55:47,1,192,0,2.083333333333333,0.0004924211576911443,36,FACR,3
2025-12-27 17:55:47,1,198,0,2.0202020202020203,0.0003300190720364063,37,FACR,3
2025-12-27 17:55:47,1,204,0,1.9607843137254901,5.9480602290960276e-05,39,FACR,3
2025-12-27 17:55:47,1,210,0,1.9047619047619049,0.00033177387109168907,41,FACR,3
2025-12-27 17:55:47,1,216,0,1.8518518518518516,0.0001614039992835236,42,FACR,3
2025-12-27 17:55:47,1,222,0,1.8018018018018018,0.0001816114426890511,43,FACR,3
2025-12-27 17:55:47,1,228,0,1.7543859649122806,0.00022861118086679006,44,FACR,3
2025-12-27 17:55:47,1,234,0,1.7094017094017095,0.00034536756119064605,45,FACR,3
2025-12-27 17:55:47,1,240,0,1.6666666666666667,0.00012882959827901702,46,FACR,3
2025-12-27 17:55:47,1,246,0,1.6260162601626018,0.0001714140992494562,47,FACR,3
2025-12-27 17:55:47,1,252,0,1.5873015873015872,0.00034819353560654794,48,FACR,3
2025-12-27 17:55:47,1,258,0,1.550387596899225,0.0003188703260040013,49,FACR,3
2025-12-27 17:55:47,1,264,0,1.5151515151515151,0.0003440799087746573,50,FACR,3
2025-12-27 17:55:47,1,270,0,1.4814814814814816,0.00022316632514597388,51,FACR,3
2025-12-27 17:55:47,1,276,0,1.4492753623188406,0.00020359659819202628,52,FACR,3
2025-12-27 17:55:47,1,282,0,1.4184397163120568,0.00010732608151779934,53,FACR,3
2025-12-27 17:55:47,1,288,0,1.3888888888888888,0.0003293889458178143,54,FACR,3
2025-12-27 17:55:47,1,294,0,1.3605442176870748,3.7389658033681124e-05,56,FACR,3
2025-12-27 17:55:47,1,294,0,1.3605442176870748,0.00022462506147163507,56,FACR,3
