chunking_mode,num_publishers,num_users,lmm,samples,avg_hops,avg_hops_std,avg_delay,avg_delay_std,avg_success_rate,avg_success_rate_std
with_chunking,4,2,LMM-1,100,11.865833333333333,1.5821221244476251,11.822541666666675,1.5030160182252457,0.7141674279378895,0.06232100615050391
with_chunking,4,2,LMM-2,100,11.8375,1.6156945101101259,11.795625000000006,1.5349097846046216,0.7150541898554746,0.06151940636135385
with_chunking,4,4,LMM-1,100,11.854791666666667,1.5555413240296412,11.812052083333322,1.4777642578281565,0.6624009367319714,0.0712200568279571
with_chunking,4,4,LMM-2,100,11.8140625,1.5963223895695293,11.773359374999986,1.51650627009105,0.6643727268945423,0.06939394204827837
with_chunking,4,6,LMM-1,100,11.851666666666667,1.535103497134177,11.809083333333309,1.4583483222774645,0.6244961526625799,0.07864431921992421
with_chunking,4,6,LMM-2,100,11.810833333333333,1.5717801940459302,11.770291666666642,1.4931911843436299,0.6268080238594046,0.07648583352931292
with_chunking,4,8,LMM-1,100,11.853541666666667,1.511016992766976,11.886067708333313,1.6227741138301228,0.5888540213806739,0.08571308603801306
with_chunking,4,8,LMM-2,100,11.810989583333333,1.550062704369826,11.808143229166646,1.5307480761558672,0.59268204073487,0.08355127398499507
with_chunking,6,2,LMM-1,100,10.917916666666667,1.5870729412454028,10.92202083333334,1.5077192941831346,0.7303368461298383,0.060998451024072864
with_chunking,6,2,LMM-2,100,10.772916666666667,1.7410821886114394,10.782895833333342,1.6581450451891786,0.7361997773326949,0.05678564059080533
with_chunking,6,4,LMM-1,100,10.896041666666667,1.5688053194097518,10.901239583333322,1.490365053439262,0.6795009563765056,0.07070872963686572
with_chunking,6,4,LMM-2,100,10.776875,1.673274128994974,10.78734374999999,1.5912274861414073,0.685914490099193,0.06509222721684614
with_chunking,6,6,LMM-1,100,10.90763888888889,1.555640343671385,10.91225694444442,1.4778583264878122,0.6411664485206648,0.0775329350506194
with_chunking,6,6,LMM-2,100,10.76138888888889,1.681435008637445,10.772861111111087,1.5983266280803972,0.6520301502684552,0.07006461109321839
with_chunking,6,8,LMM-1,100,10.931666666666667,1.5233201129987968,10.935083333333314,1.447154107348855,0.6082984221010129,0.08208801436491574
with_chunking,6,8,LMM-2,100,10.786354166666667,1.6425524359283954,10.796864583333313,1.5607630553660774,0.6203724845139703,0.07303625220402543
with_chunking,8,2,LMM-1,100,9.767083333333334,1.4531586166959811,9.828729166666673,1.380500685861184,0.7551261971365847,0.05885227346048294
with_chunking,8,2,LMM-2,100,9.492916666666666,1.6493059883040369,9.566895833333339,1.569324122892074,0.7664876570001065,0.05289132774089641
with_chunking,8,4,LMM-1,100,9.774166666666666,1.402839135071762,9.835458333333323,1.3326971783181722,0.702774957878129,0.07088297018934586
with_chunking,8,4,LMM-2,100,9.496354166666666,1.5749093165857995,9.570848958333324,1.4973960443025196,0.7206308425852977,0.06337170928371805
with_chunking,8,6,LMM-1,100,9.813958333333334,1.4046554042152293,9.873260416666646,1.3344226340044651,0.6617622319317661,0.0818325384117656
with_chunking,8,6,LMM-2,100,9.461875,1.6395121504972405,9.538093749999978,1.5587930667288195,0.6900162641785381,0.07146799137668607
with_chunking,8,8,LMM-1,100,9.814270833333333,1.4077292027398336,9.87355729166665,1.3373427426028401,0.6317592602991823,0.08766166738615458
with_chunking,8,8,LMM-2,100,9.465729166666666,1.606953102843883,9.541927083333317,1.5273983592645723,0.6648306106016285,0.0740267969328657
with_chunking,10,2,LMM-1,100,8.7475,1.424757167418754,8.860125000000005,1.3535193090478177,0.7661567418987302,0.05282368009311377
with_chunking,10,2,LMM-2,100,8.295416666666666,1.63970213462012,8.428583333333338,1.560362102127884,0.7844941562708359,0.04654274827436888
with_chunking,10,4,LMM-1,100,8.747395833333334,1.3544826354130262,8.860026041666657,1.2867585036423734,0.7144347632622151,0.06167502164633806
with_chunking,10,4,LMM-2,100,8.284583333333334,1.5961092831476171,8.419666666666657,1.5171549947170153,0.7417059965993447,0.05423301629730536
with_chunking,10,6,LMM-1,100,8.768611111111111,1.3467986447521294,8.880180555555535,1.2794587125145205,0.6772275143648337,0.06893119396832709
with_chunking,10,6,LMM-2,100,8.210277777777778,1.642186559904466,8.348923611111093,1.5610772083080922,0.716550176916674,0.06170580414663631
with_chunking,10,8,LMM-1,100,8.791822916666666,1.3180974505757947,8.902231770833318,1.2521925780470031,0.6451670903583998,0.07589637667404266
with_chunking,10,8,LMM-2,100,8.245520833333334,1.6123209990278766,8.382213541666651,1.5329988996149657,0.6922938010085699,0.0635377512076994
without_chunking,4,2,LMM-1,100,11.93,1.6405334498266104,11.883500000000009,1.5585067773352819,0.7773111906700677,0.03214127876096183
without_chunking,4,2,LMM-2,100,11.8875,1.7052767370723145,11.84312500000001,1.6200129002187007,0.7783132046723145,0.03402655877804124
without_chunking,4,4,LMM-1,100,11.935,1.6395959868211436,11.888249999999987,1.5576161874800838,0.743470049111609,0.0396690040409946
without_chunking,4,4,LMM-2,100,11.8775,1.7282559850901718,11.833624999999989,1.6418431858356604,0.7449212008236534,0.04244102285143136
without_chunking,4,6,LMM-1,100,11.955,1.6129863607606854,11.907249999999975,1.5323370427226473,0.7180578982520005,0.046314903896937806
without_chunking,4,6,LMM-2,100,11.890833333333333,1.7111844095051045,11.846291666666641,1.6256251890298452,0.7198779330747159,0.04952648192214961
without_chunking,4,8,LMM-1,100,11.9725,1.5747599023343208,11.990531249999979,1.6567287901704622,0.6946173529385478,0.06154699963286677
without_chunking,4,8,LMM-2,100,11.9,1.6885644790768282,11.88415624999998,1.640320046360521,0.6969196281389497,0.06484432862671972
without_chunking,6,2,LMM-1,100,10.885,1.6864978505767507,10.890750000000008,1.6021729580479152,0.8075299398196886,0.032627613212494466
without_chunking,6,2,LMM-2,100,10.715,1.9332679586648096,10.726500000000009,1.848455672987591,0.8111089402349996,0.0380883618208639
without_chunking,6,4,LMM-1,100,10.8875,1.6827711519989876,10.893124999999989,1.598632594399036,0.7764403431298814,0.03999428094661619
without_chunking,6,4,LMM-2,100,10.6825,1.957391440157027,10.695624999999989,1.8711824678862805,0.781977526336845,0.0471434765601806
without_chunking,6,6,LMM-1,100,10.885,1.6207328589252457,10.890749999999976,1.5396962159789798,0.7527072135149617,0.047202261367493434
without_chunking,6,6,LMM-2,100,10.628333333333332,1.9500149572075938,10.644166666666642,1.8641427319279993,0.7600649935791968,0.05600646010629495
without_chunking,6,8,LMM-1,100,10.945,1.630023005972615,10.94774999999998,1.5485218556739822,0.7313898040943198,0.055915228445831314
without_chunking,6,8,LMM-2,100,10.675625,1.9798732401027597,10.689093749999982,1.8923990898934815,0.7406111804138362,0.06584327048411269
without_chunking,8,2,LMM-1,100,9.865,1.5481521243082024,9.921750000000007,1.4707445180927943,0.8338759916952341,0.02951747318945185
without_chunking,8,2,LMM-2,100,9.365,1.9765563488046578,9.441250000000005,1.8904732377106022,0.8445668164922737,0.039596452334680725
without_chunking,8,4,LMM-1,100,9.8525,1.5455965676721724,9.909874999999989,1.468316739288562,0.8046243160630405,0.03608057953200313
without_chunking,8,4,LMM-2,100,9.2775,1.9847528183630323,9.35812499999999,1.899514637841728,0.8220351048821639,0.050514809546223206
without_chunking,8,6,LMM-1,100,9.875,1.5473768125443783,9.931249999999979,1.4700079719171564,0.7820221243259776,0.04189252348285894
without_chunking,8,6,LMM-2,100,9.198333333333334,2.052666964382354,9.282916666666646,1.9635287908507946,0.8042750417177364,0.06090898609653021
without_chunking,8,8,LMM-1,100,9.875,1.4935277031243845,9.931249999999983,1.4188513179681634,0.7661408613807417,0.048405048651875206
without_chunking,8,8,LMM-2,100,9.13125,2.1000837036889743,9.219187499999983,2.008300744138247,0.7891629874817789,0.06880748718802926
without_chunking,10,2,LMM-1,100,8.9675,1.589675674469481,9.069125000000005,1.5101918907460086,0.8564737873718782,0.029444155699983796
without_chunking,10,2,LMM-2,100,8.24,1.960522889435367,8.373875000000005,1.8742599331136027,0.8718736225933182,0.03866731386149747
without_chunking,10,4,LMM-1,100,8.96,1.5928433695753013,9.06199999999999,1.5132012010965348,0.8310872681094138,0.0358786601945515
without_chunking,10,4,LMM-2,100,7.96625,2.0847553063849005,8.113812499999991,1.9907169906138695,0.858395986108681,0.05107826209006257
without_chunking,10,6,LMM-1,100,8.955,1.515494968648857,9.05724999999998,1.4397202202164112,0.8115241159351626,0.04090725231467605
without_chunking,10,6,LMM-2,100,7.8966666666666665,2.0577468800176133,8.046333333333315,1.9664138502755564,0.8446597734319922,0.060144820795999865
without_chunking,10,8,LMM-1,100,8.9525,1.4114243692100543,9.054874999999983,1.3408531507495496,0.796306728435258,0.043175724037198604
without_chunking,10,8,LMM-2,100,7.804375,2.0800325831282067,7.957281249999985,1.9899123555114617,0.8339089713702965,0.06651996741612895
