iteration,num_publishers,lmm,samples,avg_hops,avg_hops_std,avg_delay,avg_delay_std,avg_success_rate,avg_success_rate_std
1,4,LMM-1,4,18.0,0.0,17.649999999999977,2.0175535360778957e-14,0.5768474912045066,0.060915344282598705
1,4,LMM-2,4,18.0,0.0,17.649999999999977,2.0175535360778957e-14,0.5768474912045066,0.060915344282598705
1,6,LMM-1,4,14.0,0.0,13.849999999999985,1.66162967242209e-14,0.6551787777260645,0.05449321524194352
1,6,LMM-2,4,14.0,0.0,13.849999999999985,1.66162967242209e-14,0.6551787777260645,0.05449321524194352
1,8,LMM-1,4,11.0,0.0,10.99999999999999,1.1682163181672949e-14,0.7198053847097967,0.04651965735632682
1,8,LMM-2,4,11.0,0.0,10.99999999999999,1.1682163181672949e-14,0.7198053847097967,0.04651965735632682
1,10,LMM-1,4,9.0,0.0,9.09999999999999,9.524652439874977e-15,0.7742392343847706,0.039989736493417465
1,10,LMM-2,4,9.0,0.0,9.09999999999999,9.524652439874977e-15,0.7742392343847706,0.039989736493417465
2,4,LMM-1,4,12.0,0.0,11.949999999999989,1.3550179913572753e-14,0.6922778703421962,0.049231198386897275
2,4,LMM-2,4,12.0,0.0,11.949999999999989,1.3550179913572753e-14,0.6922778703421962,0.049231198386897275
2,6,LMM-1,4,10.0,0.0,10.049999999999988,1.09771810257693e-14,0.7524578753277311,0.04344734729524069
2,6,LMM-2,4,10.0,0.0,10.049999999999988,1.09771810257693e-14,0.7524578753277311,0.04344734729524069
2,8,LMM-1,4,10.0,0.0,10.049999999999988,1.09771810257693e-14,0.7524578753277311,0.04344734729524069
2,8,LMM-2,4,10.0,0.0,10.049999999999988,1.09771810257693e-14,0.7524578753277311,0.04344734729524069
2,10,LMM-1,4,9.0,0.0,9.09999999999999,9.524652439874977e-15,0.7874521438025425,0.039751420333004196
2,10,LMM-2,4,9.0,0.0,9.09999999999999,9.524652439874977e-15,0.7874521438025425,0.039751420333004196
3,4,LMM-1,4,12.0,0.0,11.949999999999989,1.3550179913572753e-14,0.6961425174153183,0.04969908061830334
3,4,LMM-2,4,12.0,0.0,11.949999999999989,1.3550179913572753e-14,0.6961425174153183,0.04969908061830334
3,6,LMM-1,4,10.0,0.0,10.049999999999988,1.09771810257693e-14,0.7487154133598569,0.04306541070605871
3,6,LMM-2,4,10.0,0.0,10.049999999999988,1.09771810257693e-14,0.7487154133598569,0.04306541070605871
3,8,LMM-1,4,10.0,0.0,10.049999999999988,1.09771810257693e-14,0.7728448763158959,0.0347000358016442
3,8,LMM-2,4,10.0,0.0,10.049999999999988,1.09771810257693e-14,0.7728448763158959,0.0347000358016442
3,10,LMM-1,4,9.0,0.0,9.09999999999999,9.524652439874977e-15,0.7845791474385501,0.03961593805966653
3,10,LMM-2,4,8.0,0.0,8.149999999999991,8.379058453350832e-15,0.8266370887718426,0.03695554929684479
4,4,LMM-1,4,15.0,0.0,14.799999999999983,1.6687357476335705e-14,0.6293631174977224,0.05649005169907476
4,4,LMM-2,4,15.0,0.0,14.799999999999983,1.6687357476335705e-14,0.6293631174977224,0.05649005169907476
4,6,LMM-1,4,15.0,0.0,14.799999999999983,1.6687357476335705e-14,0.6293631174977224,0.05649005169907476
4,6,LMM-2,4,15.0,0.0,14.799999999999983,1.6687357476335705e-14,0.6293631174977224,0.05649005169907476
4,8,LMM-1,4,13.0,0.0,12.899999999999986,1.4266257867675778e-14,0.6689590782454933,0.05158924088371918
4,8,LMM-2,4,13.0,0.0,12.899999999999986,1.4266257867675778e-14,0.6689590782454933,0.05158924088371918
4,10,LMM-1,4,9.0,0.0,9.09999999999999,9.524652439874977e-15,0.7699017763857736,0.040075286735089734
4,10,LMM-2,4,9.0,0.0,9.09999999999999,9.524652439874977e-15,0.7699017763857736,0.040075286735089734
5,4,LMM-1,4,14.0,0.0,13.849999999999985,1.66162967242209e-14,0.6551647828577815,0.054678133585093006
5,4,LMM-2,4,14.0,0.0,13.849999999999985,1.66162967242209e-14,0.6551647828577815,0.054678133585093006
5,6,LMM-1,4,12.0,0.0,11.949999999999989,1.3550179913572753e-14,0.7009245812914232,0.04964317106562057
5,6,LMM-2,4,12.0,0.0,11.949999999999989,1.3550179913572753e-14,0.7009245812914232,0.04964317106562057
5,8,LMM-1,4,10.0,0.0,10.049999999999988,1.09771810257693e-14,0.755827420825651,0.043581254743612845
5,8,LMM-2,4,10.0,0.0,10.049999999999988,1.09771810257693e-14,0.755827420825651,0.043581254743612845
5,10,LMM-1,4,8.0,0.0,8.149999999999991,8.379058453350832e-15,0.8081651403844504,0.03638233008355894
5,10,LMM-2,4,8.0,0.0,8.149999999999991,8.379058453350832e-15,0.8081651403844504,0.03638233008355894
6,4,LMM-1,4,13.0,0.0,12.899999999999986,1.4266257867675778e-14,0.6837938260254266,0.05182198893145592
6,4,LMM-2,4,13.0,0.0,12.899999999999986,1.4266257867675778e-14,0.6837938260254266,0.05182198893145592
6,6,LMM-1,4,13.0,0.0,12.899999999999986,1.4266257867675778e-14,0.6837938260254266,0.05182198893145592
6,6,LMM-2,4,13.0,0.0,12.899999999999986,1.4266257867675778e-14,0.6837938260254266,0.05182198893145592
6,8,LMM-1,4,10.5,0.0,10.524999999999988,1.09771810257693e-14,0.7760154270471671,0.03165059200661205
6,8,LMM-2,4,10.5,0.0,10.524999999999988,1.09771810257693e-14,0.7760154270471671,0.03165059200661205
6,10,LMM-1,4,11.0,0.0,10.99999999999999,1.1682163181672949e-14,0.7414305851238974,0.046407423189482606
6,10,LMM-2,4,11.0,0.0,10.99999999999999,1.1682163181672949e-14,0.7414305851238974,0.046407423189482606
7,4,LMM-1,4,11.0,0.0,10.99999999999999,1.1682163181672949e-14,0.7600937022426038,0.032310537910579716
7,4,LMM-2,4,11.0,0.0,10.99999999999999,1.1682163181672949e-14,0.7600937022426038,0.032310537910579716
7,6,LMM-1,4,11.0,0.0,10.99999999999999,1.1682163181672949e-14,0.7375626892703657,0.04213658503249259
7,6,LMM-2,4,11.0,0.0,10.99999999999999,1.1682163181672949e-14,0.7375626892703657,0.04213658503249259
7,8,LMM-1,4,10.0,0.0,10.049999999999988,1.09771810257693e-14,0.7527096864037134,0.04338862174755699
7,8,LMM-2,4,10.0,0.0,10.049999999999988,1.09771810257693e-14,0.7527096864037134,0.04338862174755699
7,10,LMM-1,4,9.0,0.0,9.09999999999999,9.524652439874977e-15,0.7895378156931794,0.039907059482834704
7,10,LMM-2,4,9.0,0.0,9.09999999999999,9.524652439874977e-15,0.7895378156931794,0.039907059482834704
8,4,LMM-1,4,11.0,0.0,10.99999999999999,1.1682163181672949e-14,0.720097117854726,0.04655112729189392
8,4,LMM-2,4,11.0,0.0,10.99999999999999,1.1682163181672949e-14,0.720097117854726,0.04655112729189392
8,6,LMM-1,4,11.0,0.0,10.99999999999999,1.1682163181672949e-14,0.7292041190061614,0.046383368728572565
8,6,LMM-2,4,11.0,0.0,10.99999999999999,1.1682163181672949e-14,0.7292041190061614,0.046383368728572565
8,8,LMM-1,4,10.0,0.0,10.049999999999988,1.09771810257693e-14,0.75472407545375,0.04349118517923684
8,8,LMM-2,4,10.0,0.0,10.049999999999988,1.09771810257693e-14,0.75472407545375,0.04349118517923684
8,10,LMM-1,4,9.0,0.0,9.09999999999999,9.524652439874977e-15,0.7843636785722756,0.03996518313142126
8,10,LMM-2,4,9.0,0.0,9.09999999999999,9.524652439874977e-15,0.7843636785722756,0.03996518313142126
9,4,LMM-1,4,15.0,0.0,14.799999999999983,1.6687357476335705e-14,0.6451418941924887,0.05743126775777057
9,4,LMM-2,4,15.0,0.0,14.799999999999983,1.6687357476335705e-14,0.6451418941924887,0.05743126775777057
9,6,LMM-1,4,17.0,0.0,16.69999999999998,1.8180558827703948e-14,0.6192593625617634,0.058849044756339966
9,6,LMM-2,4,17.0,0.0,16.69999999999998,1.8180558827703948e-14,0.6192593625617634,0.058849044756339966
9,8,LMM-1,4,12.0,0.0,11.949999999999989,1.3550179913572753e-14,0.7099185916727855,0.04950655693058197
9,8,LMM-2,4,12.0,0.0,11.949999999999989,1.3550179913572753e-14,0.7099185916727855,0.04950655693058197
9,10,LMM-1,4,11.0,0.0,10.99999999999999,1.1682163181672949e-14,0.7387161878089069,0.04663142639867299
9,10,LMM-2,4,11.0,0.0,10.99999999999999,1.1682163181672949e-14,0.7387161878089069,0.04663142639867299
10,4,LMM-1,4,12.0,0.0,11.949999999999987,1.2113138667212069e-14,0.7384247678219944,0.028139362888427735
10,4,LMM-2,4,12.0,0.0,11.949999999999987,1.2113138667212069e-14,0.7384247678219944,0.028139362888427735
10,6,LMM-1,4,9.0,0.0,9.09999999999999,9.524652439874977e-15,0.7735448594458031,0.04040006188080261
10,6,LMM-2,4,9.0,0.0,9.09999999999999,9.524652439874977e-15,0.7735448594458031,0.04040006188080261
10,8,LMM-1,4,9.0,0.0,9.09999999999999,9.524652439874977e-15,0.7735448594458031,0.04040006188080261
10,8,LMM-2,4,9.0,0.0,9.09999999999999,9.524652439874977e-15,0.7735448594458031,0.04040006188080261
10,10,LMM-1,4,7.0,0.0,7.199999999999991,7.143489329906233e-15,0.8314214616052316,0.03291975925487471
10,10,LMM-2,4,7.0,0.0,7.199999999999991,7.143489329906233e-15,0.8314214616052316,0.03291975925487471
11,4,LMM-1,4,13.0,0.0,12.899999999999986,1.4266257867675778e-14,0.6699139433441575,0.05171826742468338
11,4,LMM-2,4,13.0,0.0,12.899999999999986,1.4266257867675778e-14,0.6699139433441575,0.05171826742468338
11,6,LMM-1,4,10.0,0.0,10.049999999999988,1.09771810257693e-14,0.7455452928696413,0.04337483471537299
11,6,LMM-2,4,10.0,0.0,10.049999999999988,1.09771810257693e-14,0.7455452928696413,0.04337483471537299
11,8,LMM-1,4,10.0,0.0,10.049999999999988,1.09771810257693e-14,0.7501146246999864,0.04337758814832976
11,8,LMM-2,4,10.0,0.0,10.049999999999988,1.09771810257693e-14,0.7501146246999864,0.04337758814832976
11,10,LMM-1,4,8.0,0.0,8.149999999999991,8.379058453350832e-15,0.8010005215927136,0.03656180104896993
11,10,LMM-2,4,6.0,0.0,6.249999999999993,6.9475482465550864e-15,0.8778977458431766,0.018834147116571675
12,4,LMM-1,4,11.0,0.0,10.99999999999999,1.1682163181672949e-14,0.7404918050415117,0.038134867475888845
12,4,LMM-2,4,11.0,0.0,10.99999999999999,1.1682163181672949e-14,0.7404918050415117,0.038134867475888845
12,6,LMM-1,4,11.0,0.0,10.99999999999999,1.1682163181672949e-14,0.7300574866763179,0.0466389743888616
12,6,LMM-2,4,11.0,0.0,10.99999999999999,1.1682163181672949e-14,0.7300574866763179,0.0466389743888616
12,8,LMM-1,4,10.0,0.0,10.049999999999988,1.09771810257693e-14,0.7512905111683592,0.0435676008285475
12,8,LMM-2,4,10.0,0.0,10.049999999999988,1.09771810257693e-14,0.7512905111683592,0.0435676008285475
12,10,LMM-1,4,9.0,0.0,9.09999999999999,9.524652439874977e-15,0.7799466499206404,0.040062773055177935
12,10,LMM-2,4,9.0,0.0,9.09999999999999,9.524652439874977e-15,0.7799466499206404,0.040062773055177935
13,4,LMM-1,4,11.0,0.0,10.99999999999999,1.1682163181672949e-14,0.7255882481780015,0.04668192206441988
13,4,LMM-2,4,11.0,0.0,10.99999999999999,1.1682163181672949e-14,0.7255882481780015,0.04668192206441988
13,6,LMM-1,4,11.0,0.0,10.99999999999999,1.1682163181672949e-14,0.7255882481780015,0.04668192206441988
13,6,LMM-2,4,11.0,0.0,10.99999999999999,1.1682163181672949e-14,0.7255882481780015,0.04668192206441988
13,8,LMM-1,4,9.0,0.0,9.09999999999999,9.524652439874977e-15,0.7743069635396403,0.0404828816722675
13,8,LMM-2,4,9.0,0.0,9.09999999999999,9.524652439874977e-15,0.7743069635396403,0.0404828816722675
13,10,LMM-1,4,9.0,0.0,9.09999999999999,9.524652439874977e-15,0.7916324799114973,0.039982515690366524
13,10,LMM-2,4,9.0,0.0,9.09999999999999,9.524652439874977e-15,0.7916324799114973,0.039982515690366524
14,4,LMM-1,4,10.0,0.0,10.049999999999988,1.09771810257693e-14,0.7539786458083944,0.0430042517688859
14,4,LMM-2,4,10.0,0.0,10.049999999999988,1.09771810257693e-14,0.7539786458083944,0.0430042517688859
14,6,LMM-1,4,10.0,0.0,10.049999999999988,1.09771810257693e-14,0.7589882969863609,0.042998266271134164
14,6,LMM-2,4,10.0,0.0,10.049999999999988,1.09771810257693e-14,0.7589882969863609,0.042998266271134164
14,8,LMM-1,4,9.0,0.0,9.099999999999989,9.840359552164707e-15,0.8247339016224279,0.020887179421823148
14,8,LMM-2,4,8.5,0.0,8.62499999999999,9.262214823830477e-15,0.8430589303898381,0.01690630382285375
14,10,LMM-1,4,7.0,0.0,7.199999999999991,7.143489329906233e-15,0.8269240168358264,0.032107063947184385
14,10,LMM-2,4,6.4375,1.482976314713084,6.665624999999994,1.4088274989774363,0.8948075097840801,0.017218295392228095
15,4,LMM-1,4,10.5,0.0,10.524999999999988,1.0950198975068616e-14,0.7753856818728171,0.027679031350115967
15,4,LMM-2,4,10.5,0.0,10.524999999999988,1.0950198975068616e-14,0.7753856818728171,0.027679031350115967
15,6,LMM-1,4,10.0,0.0,10.049999999999988,1.09771810257693e-14,0.7450894456409152,0.043047068936973375
15,6,LMM-2,4,10.0,0.0,10.049999999999988,1.09771810257693e-14,0.7450894456409152,0.043047068936973375
15,8,LMM-1,4,9.0,0.0,9.09999999999999,9.524652439874977e-15,0.782639690525944,0.040084215959250706
15,8,LMM-2,4,9.0,0.0,9.09999999999999,9.524652439874977e-15,0.782639690525944,0.040084215959250706
15,10,LMM-1,4,8.0,0.0,8.149999999999991,8.379058453350832e-15,0.8112421111409602,0.03650047362957018
15,10,LMM-2,4,8.0,0.0,8.149999999999991,8.379058453350832e-15,0.8112421111409602,0.03650047362957018
16,4,LMM-1,4,11.0,0.0,10.99999999999999,1.1682163181672949e-14,0.7140919512645623,0.046162201886657775
16,4,LMM-2,4,11.0,0.0,10.99999999999999,1.1682163181672949e-14,0.7140919512645623,0.046162201886657775
16,6,LMM-1,4,11.0,0.0,10.99999999999999,1.1682163181672949e-14,0.7182942711865541,0.046656685192279355
16,6,LMM-2,4,11.0,0.0,10.99999999999999,1.1682163181672949e-14,0.7182942711865541,0.046656685192279355
16,8,LMM-1,4,10.0,0.0,10.049999999999988,1.09771810257693e-14,0.7523582688148065,0.04360900046877512
16,8,LMM-2,4,10.0,0.0,10.049999999999988,1.09771810257693e-14,0.7523582688148065,0.04360900046877512
16,10,LMM-1,4,10.0,0.0,10.049999999999988,1.09771810257693e-14,0.7523582688148065,0.04360900046877512
16,10,LMM-2,4,10.0,0.0,10.049999999999988,1.09771810257693e-14,0.7523582688148065,0.04360900046877512
17,4,LMM-1,4,17.0,0.0,17.05312499999998,0.6116304414227552,0.5660027817228552,0.08017630166575315
17,4,LMM-2,4,17.0,0.0,17.05312499999998,0.6116304414227552,0.5660027817228552,0.08017630166575315
17,6,LMM-1,4,15.5,0.0,15.451562499999982,0.30581522071137535,0.6175435763272288,0.06354312102358346
17,6,LMM-2,4,15.5,0.0,15.451562499999982,0.30581522071137535,0.6175435763272288,0.06354312102358346
17,8,LMM-1,4,10.5,0.0,10.524999999999988,1.116422962075395e-14,0.7747553637097057,0.029479406463965525
17,8,LMM-2,4,10.5,0.0,10.524999999999988,1.116422962075395e-14,0.7747553637097057,0.029479406463965525
17,10,LMM-1,4,9.0,0.0,9.09999999999999,9.524652439874977e-15,0.7823854062808517,0.039973261243026
17,10,LMM-2,4,9.0,0.0,9.09999999999999,9.524652439874977e-15,0.7823854062808517,0.039973261243026
18,4,LMM-1,4,11.0,0.0,10.99999999999999,1.1682163181672949e-14,0.7286169117751544,0.04614512001269305
18,4,LMM-2,4,11.0,0.0,10.99999999999999,1.1682163181672949e-14,0.7286169117751544,0.04614512001269305
18,6,LMM-1,4,10.0,0.0,10.049999999999988,1.09771810257693e-14,0.752004788114362,0.043102024905021616
18,6,LMM-2,4,10.0,0.0,10.049999999999988,1.09771810257693e-14,0.752004788114362,0.043102024905021616
18,8,LMM-1,4,10.0,0.0,10.049999999999988,1.09771810257693e-14,0.7607538257652039,0.04352017904190914
18,8,LMM-2,4,10.0,0.0,10.049999999999988,1.09771810257693e-14,0.7607538257652039,0.04352017904190914
18,10,LMM-1,4,8.0,0.0,8.149999999999991,8.379058453350832e-15,0.8091595519193768,0.035946227282447785
18,10,LMM-2,4,8.0,0.0,8.149999999999991,8.379058453350832e-15,0.8091595519193768,0.035946227282447785
19,4,LMM-1,4,11.0,0.0,10.99999999999999,1.1682163181672949e-14,0.7249168774166739,0.04618558892935839
19,4,LMM-2,4,11.0,0.0,10.99999999999999,1.1682163181672949e-14,0.7249168774166739,0.04618558892935839
19,6,LMM-1,4,11.0,0.0,10.99999999999999,1.1682163181672949e-14,0.7298200849441789,0.046427942214392344
19,6,LMM-2,4,11.0,0.0,10.99999999999999,1.1682163181672949e-14,0.7298200849441789,0.046427942214392344
19,8,LMM-1,4,10.0,0.0,10.049999999999988,1.09771810257693e-14,0.7577125434499068,0.04338919277101149
19,8,LMM-2,4,10.0,0.0,10.049999999999988,1.09771810257693e-14,0.7577125434499068,0.04338919277101149
19,10,LMM-1,4,10.0,0.0,10.049999999999988,1.09771810257693e-14,0.7634755394007247,0.043351033732932504
19,10,LMM-2,4,10.0,0.0,10.049999999999988,1.09771810257693e-14,0.7634755394007247,0.043351033732932504
20,4,LMM-1,4,13.0,0.0,12.899999999999986,1.4266257867675778e-14,0.6845778835936263,0.0522795283459035
20,4,LMM-2,4,13.0,0.0,12.899999999999986,1.4266257867675778e-14,0.6845778835936263,0.0522795283459035
20,6,LMM-1,4,11.0,0.0,10.99999999999999,1.1682163181672949e-14,0.7414879975287901,0.04647752998018341
20,6,LMM-2,4,11.0,0.0,10.99999999999999,1.1682163181672949e-14,0.7414879975287901,0.04647752998018341
20,8,LMM-1,4,11.0,0.0,10.99999999999999,1.1682163181672949e-14,0.7414879975287901,0.04647752998018341
20,8,LMM-2,4,11.0,0.0,10.99999999999999,1.1682163181672949e-14,0.7414879975287901,0.04647752998018341
20,10,LMM-1,4,9.0,0.0,9.09999999999999,9.524652439874977e-15,0.7881442690468774,0.03990732837894418
20,10,LMM-2,4,8.5,0.0,8.62499999999999,8.79251776862914e-15,0.8508001918256854,0.016881269152704555
21,4,LMM-1,4,12.0,0.0,11.949999999999989,1.3550179913572753e-14,0.7047963932627727,0.04897337841253782
21,4,LMM-2,4,12.0,0.0,11.949999999999989,1.3550179913572753e-14,0.7047963932627727,0.04897337841253782
21,6,LMM-1,4,10.0,0.0,10.049999999999988,1.09771810257693e-14,0.7989138356657315,0.02291299943580893
21,6,LMM-2,4,10.0,0.0,10.049999999999988,1.09771810257693e-14,0.7989138356657315,0.02291299943580893
21,8,LMM-1,4,10.0,0.0,10.049999999999988,1.09771810257693e-14,0.7589714595131997,0.042756993050866506
21,8,LMM-2,4,10.0,0.0,10.049999999999988,1.09771810257693e-14,0.7589714595131997,0.042756993050866506
21,10,LMM-1,4,8.0,0.0,8.149999999999991,8.379058453350832e-15,0.8058798647105498,0.03649465914366517
21,10,LMM-2,4,8.0,0.0,8.149999999999991,8.379058453350832e-15,0.8058798647105498,0.03649465914366517
22,4,LMM-1,4,12.0,0.0,11.949999999999989,1.3550179913572753e-14,0.7031132003457807,0.049002418392793456
22,4,LMM-2,4,12.0,0.0,11.949999999999989,1.3550179913572753e-14,0.7031132003457807,0.049002418392793456
22,6,LMM-1,4,11.0,0.0,10.99999999999999,1.1682163181672949e-14,0.728648904167379,0.04592491256731674
22,6,LMM-2,4,11.0,0.0,10.99999999999999,1.1682163181672949e-14,0.728648904167379,0.04592491256731674
22,8,LMM-1,4,11.0,0.0,10.99999999999999,1.1682163181672949e-14,0.7791878750136436,0.02652897992441965
22,8,LMM-2,4,11.0,0.0,10.99999999999999,1.1682163181672949e-14,0.7791878750136436,0.02652897992441965
22,10,LMM-1,4,11.0,0.0,10.99999999999999,1.1682163181672949e-14,0.7339913299222468,0.04639843915501883
22,10,LMM-2,4,11.0,0.0,10.99999999999999,1.1682163181672949e-14,0.7339913299222468,0.04639843915501883
23,4,LMM-1,4,14.0,0.0,13.849999999999985,1.66162967242209e-14,0.6686766806595482,0.05491905340145793
23,4,LMM-2,4,14.0,0.0,13.849999999999985,1.66162967242209e-14,0.6686766806595482,0.05491905340145793
23,6,LMM-1,4,13.0,0.0,12.899999999999986,1.4266257867675778e-14,0.6952377607711665,0.05221864987036725
23,6,LMM-2,4,13.0,0.0,12.899999999999986,1.4266257867675778e-14,0.6952377607711665,0.05221864987036725
23,8,LMM-1,4,13.0,0.0,12.899999999999986,1.4266257867675778e-14,0.6952377607711665,0.05221864987036725
23,8,LMM-2,4,13.0,0.0,12.899999999999986,1.4266257867675778e-14,0.6952377607711665,0.05221864987036725
23,10,LMM-1,4,11.0,0.0,10.99999999999999,1.1682163181672949e-14,0.7502175692154497,0.046491434995908056
23,10,LMM-2,4,11.0,0.0,10.99999999999999,1.1682163181672949e-14,0.7502175692154497,0.046491434995908056
24,4,LMM-1,4,12.0,0.0,11.949999999999989,1.3550179913572753e-14,0.6951615424252744,0.04913832769913912
24,4,LMM-2,4,12.0,0.0,11.949999999999989,1.3550179913572753e-14,0.6951615424252744,0.04913832769913912
24,6,LMM-1,4,11.0,0.0,10.99999999999999,1.1682163181672949e-14,0.7350810708373752,0.04605798944326888
24,6,LMM-2,4,11.0,0.0,10.99999999999999,1.1682163181672949e-14,0.7350810708373752,0.04605798944326888
24,8,LMM-1,4,11.0,0.0,10.99999999999999,1.1682163181672949e-14,0.7350810708373752,0.04605798944326888
24,8,LMM-2,4,11.0,0.0,10.99999999999999,1.1682163181672949e-14,0.7350810708373752,0.04605798944326888
24,10,LMM-1,4,10.0,0.0,10.049999999999988,1.09771810257693e-14,0.7557986027619102,0.043313245401851344
24,10,LMM-2,4,10.0,0.0,10.049999999999988,1.09771810257693e-14,0.7557986027619102,0.043313245401851344
25,4,LMM-1,4,12.0,0.0,11.949999999999989,1.3550179913572753e-14,0.6966959831409139,0.049445353158559795
25,4,LMM-2,4,12.0,0.0,11.949999999999989,1.3550179913572753e-14,0.6966959831409139,0.049445353158559795
25,6,LMM-1,4,11.5,0.0,11.474999999999987,1.2840246461466052e-14,0.7498108019479292,0.03498450788871956
25,6,LMM-2,4,11.5,0.0,11.474999999999987,1.2840246461466052e-14,0.7498108019479292,0.03498450788871956
25,8,LMM-1,4,10.0,0.0,10.049999999999988,1.09771810257693e-14,0.7617336468164402,0.04366881596764952
25,8,LMM-2,4,10.0,0.0,10.049999999999988,1.09771810257693e-14,0.7617336468164402,0.04366881596764952
25,10,LMM-1,4,10.0,0.0,10.049999999999988,1.09771810257693e-14,0.7617336468164402,0.04366881596764952
25,10,LMM-2,4,10.0,0.0,10.049999999999988,1.09771810257693e-14,0.7617336468164402,0.04366881596764952
26,4,LMM-1,4,11.0,0.0,10.99999999999999,1.1682163181672949e-14,0.7134043584609047,0.04658565749624225
26,4,LMM-2,4,11.0,0.0,10.99999999999999,1.1682163181672949e-14,0.7134043584609047,0.04658565749624225
26,6,LMM-1,4,11.0,0.0,10.99999999999999,1.1682163181672949e-14,0.7195562910214708,0.046907884826397336
26,6,LMM-2,4,8.3125,0.5412658773652742,8.446874999999991,0.5142025834970186,0.8467432687802667,0.007855074518919578
26,8,LMM-1,4,10.5,0.0,10.524999999999988,1.0950198975068616e-14,0.7842115236282388,0.023961625325039895
26,8,LMM-2,4,10.5,0.0,10.524999999999988,1.0950198975068616e-14,0.7842115236282388,0.023961625325039895
26,10,LMM-1,4,9.0,0.0,9.09999999999999,9.524652439874977e-15,0.7735943581216883,0.040361660532650376
26,10,LMM-2,4,9.0,0.0,9.09999999999999,9.524652439874977e-15,0.7735943581216883,0.040361660532650376
27,4,LMM-1,4,10.0,0.0,10.049999999999988,1.09771810257693e-14,0.7507974492080336,0.043330978728525246
27,4,LMM-2,4,10.0,0.0,10.049999999999988,1.09771810257693e-14,0.7507974492080336,0.043330978728525246
27,6,LMM-1,4,10.0,0.0,10.049999999999988,1.09771810257693e-14,0.7566325595441523,0.04314343971502704
27,6,LMM-2,4,10.0,0.0,10.049999999999988,1.09771810257693e-14,0.7566325595441523,0.04314343971502704
27,8,LMM-1,4,10.0,0.0,10.049999999999988,1.09771810257693e-14,0.7566325595441523,0.04314343971502704
27,8,LMM-2,4,10.0,0.0,10.049999999999988,1.09771810257693e-14,0.7566325595441523,0.04314343971502704
27,10,LMM-1,4,9.0,0.0,9.09999999999999,9.524652439874977e-15,0.788391146563277,0.03954777297492807
27,10,LMM-2,4,9.0,0.0,9.09999999999999,9.524652439874977e-15,0.788391146563277,0.03954777297492807
28,4,LMM-1,4,16.0,0.0,15.749999999999982,1.860410498158186e-14,0.6261028434488092,0.05939218250244384
28,4,LMM-2,4,16.0,0.0,15.749999999999982,1.860410498158186e-14,0.6261028434488092,0.05939218250244384
28,6,LMM-1,4,12.5,0.0,12.424999999999986,1.2840246461466052e-14,0.7127666213373991,0.04824782468211107
28,6,LMM-2,4,12.5,0.0,12.424999999999986,1.2840246461466052e-14,0.7127666213373991,0.04824782468211107
28,8,LMM-1,4,12.0,0.0,11.949999999999989,1.3550179913572753e-14,0.719493948443569,0.049986851924235805
28,8,LMM-2,4,12.0,0.0,11.949999999999989,1.3550179913572753e-14,0.719493948443569,0.049986851924235805
28,10,LMM-1,4,12.0,0.0,11.949999999999989,1.3550179913572753e-14,0.719493948443569,0.049986851924235805
28,10,LMM-2,4,12.0,0.0,11.949999999999989,1.3550179913572753e-14,0.719493948443569,0.049986851924235805
29,4,LMM-1,4,13.0,0.0,12.899999999999986,1.4266257867675778e-14,0.7030749128594073,0.05247252891661889
29,4,LMM-2,4,13.0,0.0,12.899999999999986,1.4266257867675778e-14,0.7030749128594073,0.05247252891661889
29,6,LMM-1,4,13.0,0.0,12.899999999999986,1.4266257867675778e-14,0.7030749128594073,0.05247252891661889
29,6,LMM-2,4,13.0,0.0,12.899999999999986,1.4266257867675778e-14,0.7030749128594073,0.05247252891661889
29,8,LMM-1,4,12.0,0.0,11.949999999999989,1.3550179913572753e-14,0.7348499167628986,0.04961042137425067
29,8,LMM-2,4,12.0,0.0,11.949999999999989,1.3550179913572753e-14,0.7348499167628986,0.04961042137425067
29,10,LMM-1,4,11.5,0.0,11.474999999999987,1.2840246461466052e-14,0.7541143166293117,0.04492910712440208
29,10,LMM-2,4,11.5,0.0,11.474999999999987,1.2840246461466052e-14,0.7541143166293117,0.04492910712440208
30,4,LMM-1,4,12.0,0.0,11.949999999999989,1.3550179913572753e-14,0.7025578022154506,0.04869420185331939
30,4,LMM-2,4,12.0,0.0,11.949999999999989,1.3550179913572753e-14,0.7025578022154506,0.04869420185331939
30,6,LMM-1,4,10.0,0.0,10.049999999999988,1.09771810257693e-14,0.756833024740332,0.04307984847293576
30,6,LMM-2,4,10.0,0.0,10.049999999999988,1.09771810257693e-14,0.756833024740332,0.04307984847293576
30,8,LMM-1,4,9.0,0.0,9.09999999999999,9.524652439874977e-15,0.7864197554708807,0.03924531661050278
30,8,LMM-2,4,9.0,0.0,9.09999999999999,9.524652439874977e-15,0.7864197554708807,0.03924531661050278
30,10,LMM-1,4,8.0,0.0,8.149999999999991,8.379058453350832e-15,0.8058082698725715,0.03612796635712995
30,10,LMM-2,4,8.0,0.0,8.149999999999991,8.379058453350832e-15,0.8058082698725715,0.03612796635712995
31,4,LMM-1,4,13.0,0.0,12.899999999999986,1.4266257867675778e-14,0.7253732966680344,0.02806598415502609
31,4,LMM-2,4,13.0,0.0,12.899999999999986,1.4266257867675778e-14,0.7253732966680344,0.02806598415502609
31,6,LMM-1,4,11.0,0.0,10.99999999999999,1.1682163181672949e-14,0.7764823840007575,0.02468898459112331
31,6,LMM-2,4,11.0,0.0,10.99999999999999,1.1682163181672949e-14,0.7764823840007575,0.02468898459112331
31,8,LMM-1,4,10.0,0.0,10.049999999999988,1.09771810257693e-14,0.7516952081187903,0.04351759303609198
31,8,LMM-2,4,10.0,0.0,10.049999999999988,1.09771810257693e-14,0.7516952081187903,0.04351759303609198
31,10,LMM-1,4,9.0,0.0,9.09999999999999,9.524652439874977e-15,0.7819278738493459,0.040276512437818456
31,10,LMM-2,4,9.0,0.0,9.09999999999999,9.524652439874977e-15,0.7819278738493459,0.040276512437818456
32,4,LMM-1,4,12.0,0.0,11.949999999999989,1.3550179913572753e-14,0.7037929982710206,0.0489045698956037
32,4,LMM-2,4,12.0,0.0,11.949999999999989,1.3550179913572753e-14,0.7037929982710206,0.0489045698956037
32,6,LMM-1,4,12.0,0.0,11.949999999999989,1.3550179913572753e-14,0.7166543929068887,0.04913621218248235
32,6,LMM-2,4,12.0,0.0,11.949999999999989,1.3550179913572753e-14,0.7166543929068887,0.04913621218248235
32,8,LMM-1,4,11.0,0.0,10.99999999999999,1.1682163181672949e-14,0.7338383145470003,0.04595989994676656
32,8,LMM-2,4,11.0,0.0,10.99999999999999,1.1682163181672949e-14,0.7338383145470003,0.04595989994676656
32,10,LMM-1,4,10.0,0.0,10.049999999999988,1.09771810257693e-14,0.7560072713963253,0.04303517274698984
32,10,LMM-2,4,10.0,0.0,10.049999999999988,1.09771810257693e-14,0.7560072713963253,0.04303517274698984
33,4,LMM-1,4,20.0,0.0,19.549999999999976,2.2239959252965695e-14,0.5320381655657122,0.0659603841627641
33,4,LMM-2,4,20.0,0.0,19.549999999999976,2.2239959252965695e-14,0.5320381655657122,0.0659603841627641
33,6,LMM-1,4,20.0,0.0,19.549999999999976,2.2239959252965695e-14,0.5320381655657122,0.0659603841627641
33,6,LMM-2,4,20.0,0.0,19.549999999999976,2.2239959252965695e-14,0.5320381655657122,0.0659603841627641
33,8,LMM-1,4,20.0,0.0,19.549999999999976,2.2239959252965695e-14,0.5320381655657122,0.0659603841627641
33,8,LMM-2,4,20.0,0.0,19.549999999999976,2.2239959252965695e-14,0.5320381655657122,0.0659603841627641
33,10,LMM-1,4,15.0,0.0,14.799999999999983,1.6687357476335705e-14,0.6182307239004304,0.05656104913560633
33,10,LMM-2,4,15.0,0.0,14.799999999999983,1.6687357476335705e-14,0.6182307239004304,0.05656104913560633
34,4,LMM-1,4,14.0,0.0,13.849999999999985,1.66162967242209e-14,0.6727493893426146,0.05517154573529493
34,4,LMM-2,4,14.0,0.0,13.849999999999985,1.66162967242209e-14,0.6727493893426146,0.05517154573529493
34,6,LMM-1,4,12.0,0.0,11.949999999999989,1.3550179913572753e-14,0.7210761791040389,0.04981299926337731
34,6,LMM-2,4,12.0,0.0,11.949999999999989,1.3550179913572753e-14,0.7210761791040389,0.04981299926337731
34,8,LMM-1,4,11.0,0.0,10.99999999999999,1.1682163181672949e-14,0.7401636172261061,0.04683479485729555
34,8,LMM-2,4,11.0,0.0,10.99999999999999,1.1682163181672949e-14,0.7401636172261061,0.04683479485729555
34,10,LMM-1,4,11.0,0.0,10.99999999999999,1.1682163181672949e-14,0.7401636172261061,0.04683479485729555
34,10,LMM-2,4,11.0,0.0,10.99999999999999,1.1682163181672949e-14,0.7401636172261061,0.04683479485729555
35,4,LMM-1,4,11.5,0.0,11.474999999999987,1.2840246461466052e-14,0.7538270077440946,0.029458984977834626
35,4,LMM-2,4,11.5,0.0,11.474999999999987,1.2840246461466052e-14,0.7538270077440946,0.029458984977834626
35,6,LMM-1,4,12.0,0.0,11.949999999999989,1.3550179913572753e-14,0.7080954173254433,0.04928443121048917
35,6,LMM-2,4,12.0,0.0,11.949999999999989,1.3550179913572753e-14,0.7080954173254433,0.04928443121048917
35,8,LMM-1,4,11.0,0.0,10.99999999999999,1.1682163181672949e-14,0.7379869038037707,0.046405739248132204
35,8,LMM-2,4,11.0,0.0,10.99999999999999,1.1682163181672949e-14,0.7379869038037707,0.046405739248132204
35,10,LMM-1,4,11.0,0.0,10.99999999999999,1.1682163181672949e-14,0.7379869038037707,0.046405739248132204
35,10,LMM-2,4,11.0,0.0,10.99999999999999,1.1682163181672949e-14,0.7379869038037707,0.046405739248132204
36,4,LMM-1,4,16.0,0.0,15.749999999999982,1.860410498158186e-14,0.6224553905910811,0.05903273782824227
36,4,LMM-2,4,16.0,0.0,15.749999999999982,1.860410498158186e-14,0.6224553905910811,0.05903273782824227
36,6,LMM-1,4,14.0,0.0,13.849999999999985,1.66162967242209e-14,0.6674507484017969,0.05442983060561821
36,6,LMM-2,4,14.0,0.0,13.849999999999985,1.66162967242209e-14,0.6674507484017969,0.05442983060561821
36,8,LMM-1,4,14.0,0.0,13.849999999999985,1.66162967242209e-14,0.6674507484017969,0.05442983060561821
36,8,LMM-2,4,14.0,0.0,13.849999999999985,1.66162967242209e-14,0.6674507484017969,0.05442983060561821
36,10,LMM-1,4,11.0,0.0,10.99999999999999,1.1682163181672949e-14,0.7318319808973007,0.04650564091249722
36,10,LMM-2,4,11.0,0.0,10.99999999999999,1.1682163181672949e-14,0.7318319808973007,0.04650564091249722
37,4,LMM-1,4,14.0,0.0,13.849999999999985,1.66162967242209e-14,0.647738839510843,0.05456338169730864
37,4,LMM-2,4,14.0,0.0,13.849999999999985,1.66162967242209e-14,0.647738839510843,0.05456338169730864
37,6,LMM-1,4,14.0,0.0,13.849999999999985,1.66162967242209e-14,0.647738839510843,0.05456338169730864
37,6,LMM-2,4,14.0,0.0,13.849999999999985,1.66162967242209e-14,0.647738839510843,0.05456338169730864
37,8,LMM-1,4,11.0,0.0,10.99999999999999,1.1682163181672949e-14,0.7292753555153191,0.046576526807047346
37,8,LMM-2,4,11.0,0.0,10.99999999999999,1.1682163181672949e-14,0.7292753555153191,0.046576526807047346
37,10,LMM-1,4,10.0,0.0,10.049999999999988,9.969778034532539e-15,0.7921748784624932,0.026862519095908574
37,10,LMM-2,4,10.0,0.0,10.049999999999988,9.969778034532539e-15,0.7921748784624932,0.026862519095908574
38,4,LMM-1,4,11.0,0.0,10.99999999999999,1.1682163181672949e-14,0.7196742575649969,0.04588868870730505
38,4,LMM-2,4,11.0,0.0,10.99999999999999,1.1682163181672949e-14,0.7196742575649969,0.04588868870730505
38,6,LMM-1,4,11.0,0.0,10.99999999999999,1.1682163181672949e-14,0.7315586456202932,0.04598478157228578
38,6,LMM-2,4,11.0,0.0,10.99999999999999,1.1682163181672949e-14,0.7315586456202932,0.04598478157228578
38,8,LMM-1,4,11.0,0.0,10.99999999999999,1.1682163181672949e-14,0.7315586456202932,0.04598478157228578
38,8,LMM-2,4,11.0,0.0,10.99999999999999,1.1682163181672949e-14,0.7315586456202932,0.04598478157228578
38,10,LMM-1,4,9.0,0.0,9.09999999999999,9.524652439874977e-15,0.7756001990981349,0.03974478301961598
38,10,LMM-2,4,9.0,0.0,9.09999999999999,9.524652439874977e-15,0.7756001990981349,0.03974478301961598
39,4,LMM-1,4,13.0,0.0,12.899999999999986,1.4266257867675778e-14,0.6854022654197616,0.052324605048516604
39,4,LMM-2,4,13.0,0.0,12.899999999999986,1.4266257867675778e-14,0.6854022654197616,0.052324605048516604
39,6,LMM-1,4,12.5,0.0,12.424999999999986,1.3557455178480058e-14,0.7151666508319625,0.04411358037357387
39,6,LMM-2,4,12.5,0.0,12.424999999999986,1.3557455178480058e-14,0.7151666508319625,0.04411358037357387
39,8,LMM-1,4,11.0,0.0,10.99999999999999,1.1682163181672949e-14,0.7416991968049155,0.04672616018770412
39,8,LMM-2,4,11.0,0.0,10.99999999999999,1.1682163181672949e-14,0.7416991968049155,0.04672616018770412
39,10,LMM-1,4,11.0,0.0,10.99999999999999,1.1682163181672949e-14,0.7416991968049155,0.04672616018770412
39,10,LMM-2,4,11.0,0.0,10.99999999999999,1.1682163181672949e-14,0.7416991968049155,0.04672616018770412
40,4,LMM-1,4,11.0,0.0,10.99999999999999,1.1682163181672949e-14,0.732387490334188,0.037848932757302556
40,4,LMM-2,4,11.0,0.0,10.99999999999999,1.1682163181672949e-14,0.732387490334188,0.037848932757302556
40,6,LMM-1,4,11.0,0.0,10.99999999999999,1.1682163181672949e-14,0.7319713518401729,0.046639113426976464
40,6,LMM-2,4,11.0,0.0,10.99999999999999,1.1682163181672949e-14,0.7319713518401729,0.046639113426976464
40,8,LMM-1,4,10.0,0.0,10.049999999999988,1.09771810257693e-14,0.7550857032936318,0.04362242260219355
40,8,LMM-2,4,10.0,0.0,10.049999999999988,1.09771810257693e-14,0.7550857032936318,0.04362242260219355
40,10,LMM-1,4,9.0,0.0,9.09999999999999,9.524652439874977e-15,0.7758831740680698,0.039741009569176394
40,10,LMM-2,4,4.0,0.0,4.349999999999995,4.572178254219406e-15,0.9246302866590965,0.01299474008422815
41,4,LMM-1,4,19.0,0.0,18.59999999999998,2.2539441496237913e-14,0.5757960227651032,0.06576156618021545
41,4,LMM-2,4,19.0,0.0,18.59999999999998,2.2539441496237913e-14,0.5757960227651032,0.06576156618021545
41,6,LMM-1,4,19.0,0.0,18.59999999999998,2.2539441496237913e-14,0.5757960227651032,0.06576156618021545
41,6,LMM-2,4,19.0,0.0,18.59999999999998,2.2539441496237913e-14,0.5757960227651032,0.06576156618021545
41,8,LMM-1,4,17.0,0.0,16.69999999999998,2.1074360954473322e-14,0.6524484850606778,0.05079200073956987
41,8,LMM-2,4,17.0,0.0,16.69999999999998,2.1074360954473322e-14,0.6524484850606778,0.05079200073956987
41,10,LMM-1,4,15.0,0.0,14.799999999999983,1.6687357476335705e-14,0.674356319199924,0.05768623081969225
41,10,LMM-2,4,15.0,0.0,14.799999999999983,1.6687357476335705e-14,0.674356319199924,0.05768623081969225
42,4,LMM-1,4,17.0,0.0,16.69999999999998,2.0175535360778957e-14,0.6161093303442782,0.05350384709841163
42,4,LMM-2,4,17.0,0.0,16.69999999999998,2.0175535360778957e-14,0.6161093303442782,0.05350384709841163
42,6,LMM-1,4,18.0,0.0,17.649999999999977,2.1074360954473322e-14,0.5840439853400714,0.06325626868752435
42,6,LMM-2,4,18.0,0.0,17.649999999999977,2.1074360954473322e-14,0.5840439853400714,0.06325626868752435
42,8,LMM-1,4,16.5,0.0,16.22499999999998,1.8693993179973833e-14,0.6256422796768177,0.05317728983904239
42,8,LMM-2,4,16.5,0.0,16.22499999999998,1.8693993179973833e-14,0.6256422796768177,0.05317728983904239
42,10,LMM-1,4,18.0,0.0,17.649999999999977,2.1074360954473322e-14,0.5840439853400714,0.06325626868752435
42,10,LMM-2,4,18.0,0.0,17.649999999999977,2.1074360954473322e-14,0.5840439853400714,0.06325626868752435
43,4,LMM-1,4,19.0,0.0,18.746874999999978,0.2543949623616716,0.5691233042200234,0.07414535444142074
43,4,LMM-2,4,19.0,0.0,18.746874999999978,0.2543949623616716,0.5691233042200234,0.07414535444142074
43,6,LMM-1,4,19.0,0.0,18.746874999999978,0.2543949623616716,0.5794000248745502,0.07522524500359905
43,6,LMM-2,4,19.0,0.0,18.746874999999978,0.2543949623616716,0.5794000248745502,0.07522524500359905
43,8,LMM-1,4,19.0,0.0,18.746874999999978,0.2543949623616716,0.5891077255800284,0.06988246827669468
43,8,LMM-2,4,19.0,0.0,18.746874999999978,0.2543949623616716,0.5891077255800284,0.06988246827669468
43,10,LMM-1,4,19.0,0.0,18.746874999999978,0.2543949623616716,0.5794000248745502,0.07522524500359905
43,10,LMM-2,4,19.0,0.0,18.746874999999978,0.2543949623616716,0.5794000248745502,0.07522524500359905
44,4,LMM-1,4,12.0,0.0,11.949999999999989,1.3550179913572753e-14,0.7207630562471739,0.04954781950265225
44,4,LMM-2,4,12.0,0.0,11.949999999999989,1.3550179913572753e-14,0.7207630562471739,0.04954781950265225
44,6,LMM-1,4,12.0,0.0,11.949999999999989,1.3550179913572753e-14,0.7207630562471739,0.04954781950265225
44,6,LMM-2,4,12.0,0.0,11.949999999999989,1.3550179913572753e-14,0.7207630562471739,0.04954781950265225
44,8,LMM-1,4,12.0,0.0,11.949999999999989,1.3550179913572753e-14,0.7207630562471739,0.04954781950265225
44,8,LMM-2,4,12.0,0.0,11.949999999999989,1.3550179913572753e-14,0.7207630562471739,0.04954781950265225
44,10,LMM-1,4,12.0,0.0,11.949999999999989,1.3550179913572753e-14,0.7207630562471739,0.04954781950265225
44,10,LMM-2,4,12.0,0.0,11.949999999999989,1.3550179913572753e-14,0.7207630562471739,0.04954781950265225
45,4,LMM-1,4,13.0,0.0,12.899999999999986,1.4266257867675778e-14,0.6935533747955127,0.05197747587825731
45,4,LMM-2,4,13.0,0.0,12.899999999999986,1.4266257867675778e-14,0.6935533747955127,0.05197747587825731
45,6,LMM-1,4,13.0,0.0,12.899999999999986,1.4266257867675778e-14,0.6935533747955127,0.05197747587825731
45,6,LMM-2,4,13.0,0.0,12.899999999999986,1.4266257867675778e-14,0.6935533747955127,0.05197747587825731
45,8,LMM-1,4,11.0,0.0,10.99999999999999,1.1682163181672949e-14,0.7531955297917233,0.0420714783873371
45,8,LMM-2,4,11.0,0.0,10.99999999999999,1.1682163181672949e-14,0.7531955297917233,0.0420714783873371
45,10,LMM-1,4,11.0,0.0,10.99999999999999,1.1682163181672949e-14,0.7462883620745209,0.04632703596067672
45,10,LMM-2,4,11.0,0.0,10.99999999999999,1.1682163181672949e-14,0.7462883620745209,0.04632703596067672
46,4,LMM-1,4,10.0,0.0,10.049999999999988,1.09771810257693e-14,0.7338262201001864,0.043601987899472075
46,4,LMM-2,4,10.0,0.0,10.049999999999988,1.09771810257693e-14,0.7338262201001864,0.043601987899472075
46,6,LMM-1,4,10.0,0.0,10.049999999999988,1.09771810257693e-14,0.7523915375288824,0.04350106595458073
46,6,LMM-2,4,10.0,0.0,10.049999999999988,1.09771810257693e-14,0.7523915375288824,0.04350106595458073
46,8,LMM-1,4,9.0,0.0,9.099999999999989,9.840359552164707e-15,0.8056678918936817,0.02727931018694145
46,8,LMM-2,4,9.0,0.0,9.099999999999989,9.840359552164707e-15,0.8056678918936817,0.02727931018694145
46,10,LMM-1,4,8.0,0.0,8.149999999999991,8.379058453350832e-15,0.7991865023621719,0.03653630419019893
46,10,LMM-2,4,8.0,0.0,8.149999999999991,8.379058453350832e-15,0.7991865023621719,0.03653630419019893
47,4,LMM-1,4,15.0,0.0,14.799999999999983,1.6687357476335705e-14,0.6483972638698139,0.057081895972892184
47,4,LMM-2,4,15.0,0.0,14.799999999999983,1.6687357476335705e-14,0.6483972638698139,0.057081895972892184
47,6,LMM-1,4,13.0,0.0,12.899999999999986,1.4266257867675778e-14,0.6974237203794058,0.05239902916838472
47,6,LMM-2,4,13.0,0.0,12.899999999999986,1.4266257867675778e-14,0.6974237203794058,0.05239902916838472
47,8,LMM-1,4,12.0,0.0,11.949999999999989,1.3550179913572753e-14,0.7311369929891889,0.049580565164841855
47,8,LMM-2,4,12.0,0.0,11.949999999999989,1.3550179913572753e-14,0.7311369929891889,0.049580565164841855
47,10,LMM-1,4,12.0,0.0,11.949999999999989,1.3550179913572753e-14,0.7311369929891889,0.049580565164841855
47,10,LMM-2,4,12.0,0.0,11.949999999999989,1.3550179913572753e-14,0.7311369929891889,0.049580565164841855
48,4,LMM-1,4,15.0,0.0,14.799999999999983,1.6687357476335705e-14,0.6388107303389562,0.05664437518478566
48,4,LMM-2,4,15.0,0.0,14.799999999999983,1.6687357476335705e-14,0.6388107303389562,0.05664437518478566
48,6,LMM-1,4,12.0,0.0,11.949999999999989,1.3550179913572753e-14,0.7143193151697463,0.049291757389081904
48,6,LMM-2,4,12.0,0.0,11.949999999999989,1.3550179913572753e-14,0.7143193151697463,0.049291757389081904
48,8,LMM-1,4,12.0,0.0,11.949999999999989,1.3550179913572753e-14,0.7143193151697463,0.049291757389081904
48,8,LMM-2,4,12.0,0.0,11.949999999999989,1.3550179913572753e-14,0.7143193151697463,0.049291757389081904
48,10,LMM-1,4,9.0,0.0,9.09999999999999,9.524652439874977e-15,0.7809852772363756,0.040219137225953695
48,10,LMM-2,4,6.0,0.0,6.249999999999993,6.9475482465550864e-15,0.8810297563942503,0.01886588707747577
49,4,LMM-1,4,13.0,0.0,12.899999999999986,1.4266257867675778e-14,0.6711092484474831,0.05150774716450446
49,4,LMM-2,4,13.0,0.0,12.899999999999986,1.4266257867675778e-14,0.6711092484474831,0.05150774716450446
49,6,LMM-1,4,12.0,0.0,11.949999999999989,1.3550179913572753e-14,0.7020280463132129,0.04920555861417215
49,6,LMM-2,4,12.0,0.0,11.949999999999989,1.3550179913572753e-14,0.7020280463132129,0.04920555861417215
49,8,LMM-1,4,10.0,0.0,10.049999999999988,1.09771810257693e-14,0.7521028463116877,0.0434997949963286
49,8,LMM-2,4,10.0,0.0,10.049999999999988,1.09771810257693e-14,0.7521028463116877,0.0434997949963286
49,10,LMM-1,4,10.0,0.0,10.049999999999988,1.09771810257693e-14,0.7521028463116877,0.0434997949963286
49,10,LMM-2,4,10.0,0.0,10.049999999999988,1.09771810257693e-14,0.7521028463116877,0.0434997949963286
50,4,LMM-1,4,12.0,0.0,11.949999999999989,1.3550179913572753e-14,0.6940773054646863,0.04866623565301002
50,4,LMM-2,4,12.0,0.0,11.949999999999989,1.3550179913572753e-14,0.6940773054646863,0.04866623565301002
50,6,LMM-1,4,11.0,0.0,10.99999999999999,1.1682163181672949e-14,0.7241864564292879,0.04650661483746232
50,6,LMM-2,4,11.0,0.0,10.99999999999999,1.1682163181672949e-14,0.7241864564292879,0.04650661483746232
50,8,LMM-1,4,10.0,0.0,10.049999999999988,1.09771810257693e-14,0.7527133861021793,0.04272829363038727
50,8,LMM-2,4,10.0,0.0,10.049999999999988,1.09771810257693e-14,0.7527133861021793,0.04272829363038727
50,10,LMM-1,4,9.0,0.0,9.09999999999999,9.524652439874977e-15,0.7859115122296103,0.03986706870777665
50,10,LMM-2,4,5.0,0.0,5.299999999999994,5.48859051288465e-15,0.9077397580855604,0.015882866124369833
51,4,LMM-1,4,11.0,0.0,10.99999999999999,1.1682163181672949e-14,0.7244183285467982,0.04582877732748949
51,4,LMM-2,4,11.0,0.0,10.99999999999999,1.1682163181672949e-14,0.7244183285467982,0.04582877732748949
51,6,LMM-1,4,10.0,0.0,10.049999999999988,1.09771810257693e-14,0.750986076422794,0.0433218140264567
51,6,LMM-2,4,10.0,0.0,10.049999999999988,1.09771810257693e-14,0.750986076422794,0.0433218140264567
51,8,LMM-1,4,10.0,0.0,10.049999999999988,1.09771810257693e-14,0.7855407414693923,0.03245076740812712
51,8,LMM-2,4,10.0,0.0,10.049999999999988,1.09771810257693e-14,0.7855407414693923,0.03245076740812712
51,10,LMM-1,4,10.0,0.0,10.049999999999988,1.09771810257693e-14,0.7609784137196672,0.04332253457403511
51,10,LMM-2,4,10.0,0.0,10.049999999999988,1.09771810257693e-14,0.7609784137196672,0.04332253457403511
52,4,LMM-1,4,13.0,0.0,12.899999999999986,1.4266257867675778e-14,0.6778329091800204,0.051662983079973815
52,4,LMM-2,4,13.0,0.0,12.899999999999986,1.4266257867675778e-14,0.6778329091800204,0.051662983079973815
52,6,LMM-1,4,11.0,0.0,10.99999999999999,1.1682163181672949e-14,0.7215688415557111,0.0464968077155895
52,6,LMM-2,4,11.0,0.0,10.99999999999999,1.1682163181672949e-14,0.7215688415557111,0.0464968077155895
52,8,LMM-1,4,11.0,0.0,10.99999999999999,1.1682163181672949e-14,0.7270593526855489,0.04431076931999455
52,8,LMM-2,4,11.0,0.0,10.99999999999999,1.1682163181672949e-14,0.7270593526855489,0.04431076931999455
52,10,LMM-1,4,11.0,0.0,10.99999999999999,1.1682163181672949e-14,0.7215688415557111,0.0464968077155895
52,10,LMM-2,4,11.0,0.0,10.99999999999999,1.1682163181672949e-14,0.7215688415557111,0.0464968077155895
53,4,LMM-1,4,23.0,0.0,22.837499999999974,0.7577722283113864,0.4457420269849339,0.10685489788838207
53,4,LMM-2,4,23.0,0.0,15.733333333333324,4.082482904638641,0.534112022338574,0.03366358404748758
53,6,LMM-1,4,15.0,0.0,14.799999999999983,1.6687357476335705e-14,0.627865722731959,0.05292429588905033
53,6,LMM-2,4,15.0,0.0,14.799999999999983,1.6687357476335705e-14,0.627865722731959,0.05292429588905033
53,8,LMM-1,4,13.0,0.0,12.899999999999986,1.4266257867675778e-14,0.6652264247523284,0.05160358922794371
53,8,LMM-2,4,13.0,0.0,12.899999999999986,1.4266257867675778e-14,0.6652264247523284,0.05160358922794371
53,10,LMM-1,4,11.0,0.0,10.99999999999999,1.1682163181672949e-14,0.7332540440596151,0.046741896895142625
53,10,LMM-2,4,11.0,0.0,10.99999999999999,1.1682163181672949e-14,0.7332540440596151,0.046741896895142625
54,4,LMM-1,4,13.0,0.0,12.899999999999986,1.4266257867675778e-14,0.7004893477674794,0.04633613551912761
54,4,LMM-2,4,13.0,0.0,12.899999999999986,1.4266257867675778e-14,0.7004893477674794,0.04633613551912761
54,6,LMM-1,4,13.0,0.0,12.899999999999986,1.4266257867675778e-14,0.6912065443179083,0.05192400386516953
54,6,LMM-2,4,13.0,0.0,12.899999999999986,1.4266257867675778e-14,0.6912065443179083,0.05192400386516953
54,8,LMM-1,4,11.5,0.0,11.474999999999987,1.2113138667212069e-14,0.7630250164886065,0.029314171164065147
54,8,LMM-2,4,11.5,0.0,11.474999999999987,1.2113138667212069e-14,0.7630250164886065,0.029314171164065147
54,10,LMM-1,4,13.0,0.0,12.899999999999986,1.4266257867675778e-14,0.6912065443179083,0.05192400386516953
54,10,LMM-2,4,13.0,0.0,12.899999999999986,1.4266257867675778e-14,0.6912065443179083,0.05192400386516953
55,4,LMM-1,4,11.0,0.0,10.99999999999999,1.1682163181672949e-14,0.7185580966597798,0.046674139099180306
55,4,LMM-2,4,11.0,0.0,10.99999999999999,1.1682163181672949e-14,0.7185580966597798,0.046674139099180306
55,6,LMM-1,4,10.0,0.0,10.049999999999988,1.09771810257693e-14,0.750739894303645,0.04339317876126588
55,6,LMM-2,4,10.0,0.0,10.049999999999988,1.09771810257693e-14,0.750739894303645,0.04339317876126588
55,8,LMM-1,4,9.0,0.0,9.09999999999999,9.524652439874977e-15,0.7749934533081168,0.04032555733999237
55,8,LMM-2,4,9.0,0.0,9.09999999999999,9.524652439874977e-15,0.7749934533081168,0.04032555733999237
55,10,LMM-1,4,8.0,0.0,8.149999999999991,8.379058453350832e-15,0.8105950217587741,0.036601080527733754
55,10,LMM-2,4,5.96875,1.4694147431885933,6.220312499999994,1.3959440060291695,0.8947160359599113,0.015427589766622547
56,4,LMM-1,4,13.0,0.0,12.899999999999986,1.4008181544145075e-14,0.7348767061640001,0.02811615841470271
56,4,LMM-2,4,13.0,0.0,12.899999999999986,1.4008181544145075e-14,0.7348767061640001,0.02811615841470271
56,6,LMM-1,4,11.0,0.0,10.99999999999999,1.1682163181672949e-14,0.7376680296533259,0.04643201301394712
56,6,LMM-2,4,11.0,0.0,10.99999999999999,1.1682163181672949e-14,0.7376680296533259,0.04643201301394712
56,8,LMM-1,4,10.0,0.0,10.049999999999988,1.09771810257693e-14,0.7590716722062919,0.043554087790631746
56,8,LMM-2,4,10.0,0.0,10.049999999999988,1.09771810257693e-14,0.7590716722062919,0.043554087790631746
56,10,LMM-1,4,9.0,0.0,9.09999999999999,9.524652439874977e-15,0.785235076657806,0.04006547290884012
56,10,LMM-2,4,9.0,0.0,9.09999999999999,9.524652439874977e-15,0.785235076657806,0.04006547290884012
57,4,LMM-1,4,11.0,0.0,10.99999999999999,1.1682163181672949e-14,0.7204167851689893,0.04627905506978098
57,4,LMM-2,4,11.0,0.0,10.99999999999999,1.1682163181672949e-14,0.7204167851689893,0.04627905506978098
57,6,LMM-1,4,10.0,0.0,10.049999999999988,1.09771810257693e-14,0.7509437086596358,0.043364506761960374
57,6,LMM-2,4,10.0,0.0,10.049999999999988,9.969778034532539e-15,0.8063722655442518,0.019444760515270658
57,8,LMM-1,4,9.0,0.0,9.09999999999999,9.524652439874977e-15,0.7725141213644189,0.03984623886791565
57,8,LMM-2,4,9.0,0.0,9.09999999999999,9.524652439874977e-15,0.7725141213644189,0.03984623886791565
57,10,LMM-1,4,9.0,0.0,9.09999999999999,9.524652439874977e-15,0.7792313258499389,0.039948339994367824
57,10,LMM-2,4,9.0,0.0,9.09999999999999,9.524652439874977e-15,0.7792313258499389,0.039948339994367824
58,4,LMM-1,4,15.0,0.0,14.799999999999983,1.6687357476335705e-14,0.65422885652548,0.05695163775342425
58,4,LMM-2,4,15.0,0.0,14.799999999999983,1.6687357476335705e-14,0.65422885652548,0.05695163775342425
58,6,LMM-1,4,14.0,0.0,13.849999999999985,1.66162967242209e-14,0.6759518196855778,0.05466601469574212
58,6,LMM-2,4,14.0,0.0,13.849999999999985,1.66162967242209e-14,0.6759518196855778,0.05466601469574212
58,8,LMM-1,4,14.0,0.0,13.849999999999985,1.66162967242209e-14,0.6759518196855778,0.05466601469574212
58,8,LMM-2,4,14.0,0.0,13.849999999999985,1.66162967242209e-14,0.6759518196855778,0.05466601469574212
58,10,LMM-1,4,14.0,0.0,13.849999999999985,1.66162967242209e-14,0.6759518196855778,0.05466601469574212
58,10,LMM-2,4,14.0,0.0,13.849999999999985,1.66162967242209e-14,0.6759518196855778,0.05466601469574212
59,4,LMM-1,4,12.0,0.0,11.949999999999989,1.3550179913572753e-14,0.6982311655862661,0.04912122366473129
59,4,LMM-2,4,12.0,0.0,11.949999999999989,1.3550179913572753e-14,0.6982311655862661,0.04912122366473129
59,6,LMM-1,4,12.0,0.0,11.949999999999989,1.3550179913572753e-14,0.7033189924372414,0.049525677102700894
59,6,LMM-2,4,12.0,0.0,11.949999999999989,1.3550179913572753e-14,0.7033189924372414,0.049525677102700894
59,8,LMM-1,4,10.0,0.0,10.049999999999988,1.09771810257693e-14,0.7926244542859353,0.02693830820278344
59,8,LMM-2,4,10.0,0.0,10.049999999999988,1.09771810257693e-14,0.7926244542859353,0.02693830820278344
59,10,LMM-1,4,9.0,0.0,9.09999999999999,9.524652439874977e-15,0.7777103441238467,0.04020176425698897
59,10,LMM-2,4,9.0,0.0,9.09999999999999,9.524652439874977e-15,0.7777103441238467,0.04020176425698897
60,4,LMM-1,4,11.0,0.0,10.99999999999999,1.1682163181672949e-14,0.7096279073496767,0.046510588085520825
60,4,LMM-2,4,11.0,0.0,10.99999999999999,1.1682163181672949e-14,0.7096279073496767,0.046510588085520825
60,6,LMM-1,4,11.0,0.0,10.99999999999999,1.1682163181672949e-14,0.7187330443997191,0.04636600092069445
60,6,LMM-2,4,11.0,0.0,10.99999999999999,1.1682163181672949e-14,0.7187330443997191,0.04636600092069445
60,8,LMM-1,4,10.0,0.0,10.049999999999988,9.969778034532539e-15,0.7790086028237374,0.03294269165308605
60,8,LMM-2,4,10.0,0.0,10.049999999999988,9.969778034532539e-15,0.7790086028237374,0.03294269165308605
60,10,LMM-1,4,8.0,0.0,8.149999999999991,8.379058453350832e-15,0.8003540490753609,0.036531749678494256
60,10,LMM-2,4,5.5,0.6123724356957945,5.774999999999994,0.5817538139110106,0.9136970339002917,0.006975896622856582
61,4,LMM-1,4,12.0,0.0,11.949999999999989,1.3550179913572753e-14,0.7076379706291188,0.04912069807972265
61,4,LMM-2,4,12.0,0.0,11.949999999999989,1.3550179913572753e-14,0.7076379706291188,0.04912069807972265
61,6,LMM-1,4,12.0,0.0,11.949999999999989,1.3550179913572753e-14,0.7076379706291188,0.04912069807972265
61,6,LMM-2,4,12.0,0.0,11.949999999999989,1.3550179913572753e-14,0.7076379706291188,0.04912069807972265
61,8,LMM-1,4,11.0,0.0,10.99999999999999,1.1682163181672949e-14,0.738181226043917,0.04629729997521289
61,8,LMM-2,4,11.0,0.0,10.99999999999999,1.1682163181672949e-14,0.738181226043917,0.04629729997521289
61,10,LMM-1,4,11.0,0.0,10.99999999999999,1.1682163181672949e-14,0.738181226043917,0.04629729997521289
61,10,LMM-2,4,11.0,0.0,10.99999999999999,1.1682163181672949e-14,0.738181226043917,0.04629729997521289
62,4,LMM-1,4,13.0,0.0,12.899999999999986,1.4266257867675778e-14,0.6740272695855256,0.05217274457578234
62,4,LMM-2,4,13.0,0.0,12.899999999999986,1.4266257867675778e-14,0.6740272695855256,0.05217274457578234
62,6,LMM-1,4,9.0,0.0,9.09999999999999,9.524652439874977e-15,0.7770225181546151,0.04005708663840181
62,6,LMM-2,4,9.0,0.0,9.09999999999999,9.524652439874977e-15,0.7770225181546151,0.04005708663840181
62,8,LMM-1,4,9.0,0.0,9.09999999999999,9.524652439874977e-15,0.823201965617795,0.02109686763094371
62,8,LMM-2,4,8.5,0.0,8.62499999999999,8.79251776862914e-15,0.8421761266004764,0.016846106629199987
62,10,LMM-1,4,8.0,0.0,8.149999999999991,8.379058453350832e-15,0.805816146131614,0.03609377498330012
62,10,LMM-2,4,8.0,0.0,8.149999999999991,8.379058453350832e-15,0.805816146131614,0.03609377498330012
63,4,LMM-1,4,11.0,0.0,10.99999999999999,1.1682163181672949e-14,0.722184078174097,0.0462917973092533
63,4,LMM-2,4,11.0,0.0,10.99999999999999,1.1682163181672949e-14,0.722184078174097,0.0462917973092533
63,6,LMM-1,4,10.0,0.0,10.049999999999988,1.09771810257693e-14,0.7546124148692446,0.042934094882187725
63,6,LMM-2,4,10.0,0.0,10.049999999999988,1.09771810257693e-14,0.7546124148692446,0.042934094882187725
63,8,LMM-1,4,9.0,0.0,9.09999999999999,9.524652439874977e-15,0.7768884429646107,0.03985251487511163
63,8,LMM-2,4,9.0,0.0,9.09999999999999,9.524652439874977e-15,0.7768884429646107,0.03985251487511163
63,10,LMM-1,4,9.0,0.0,9.09999999999999,9.524652439874977e-15,0.7768884429646107,0.03985251487511163
63,10,LMM-2,4,9.0,0.0,9.09999999999999,9.524652439874977e-15,0.7768884429646107,0.03985251487511163
64,4,LMM-1,4,11.5,0.0,11.474999999999987,1.2840246461466052e-14,0.7290478545746183,0.04253819055296374
64,4,LMM-2,4,11.5,0.0,11.474999999999987,1.2840246461466052e-14,0.7290478545746183,0.04253819055296374
64,6,LMM-1,4,10.0,0.0,10.049999999999988,1.09771810257693e-14,0.7570534037945745,0.0431615688712108
64,6,LMM-2,4,10.0,0.0,10.049999999999988,1.09771810257693e-14,0.7570534037945745,0.0431615688712108
64,8,LMM-1,4,9.5,0.0,9.574999999999989,9.840359552164707e-15,0.796536310773003,0.03177608983436221
64,8,LMM-2,4,9.5,0.0,9.574999999999989,9.840359552164707e-15,0.796536310773003,0.03177608983436221
64,10,LMM-1,4,9.0,0.0,9.09999999999999,9.524652439874977e-15,0.7888841191071466,0.039785427654432146
64,10,LMM-2,4,9.0,0.0,9.09999999999999,9.524652439874977e-15,0.7888841191071466,0.039785427654432146
65,4,LMM-1,4,12.0,0.0,11.949999999999989,1.3550179913572753e-14,0.7139908762000041,0.049439355280083794
65,4,LMM-2,4,12.0,0.0,11.949999999999989,1.3550179913572753e-14,0.7139908762000041,0.049439355280083794
65,6,LMM-1,4,12.0,0.0,11.949999999999989,1.3550179913572753e-14,0.7139908762000041,0.049439355280083794
65,6,LMM-2,4,12.0,0.0,11.949999999999989,1.3550179913572753e-14,0.7139908762000041,0.049439355280083794
65,8,LMM-1,4,12.0,0.0,11.949999999999989,1.3550179913572753e-14,0.7139908762000041,0.049439355280083794
65,8,LMM-2,4,12.0,0.0,11.949999999999989,1.3550179913572753e-14,0.7139908762000041,0.049439355280083794
65,10,LMM-1,4,12.0,0.0,11.949999999999989,1.3550179913572753e-14,0.7139908762000041,0.049439355280083794
65,10,LMM-2,4,12.0,0.0,11.949999999999989,1.3550179913572753e-14,0.7139908762000041,0.049439355280083794
66,4,LMM-1,4,14.0,0.0,13.849999999999985,1.66162967242209e-14,0.6832174241359713,0.05510001219414386
66,4,LMM-2,4,14.0,0.0,13.849999999999985,1.66162967242209e-14,0.6832174241359713,0.05510001219414386
66,6,LMM-1,4,14.0,0.0,13.849999999999985,1.66162967242209e-14,0.6832174241359713,0.05510001219414386
66,6,LMM-2,4,14.0,0.0,13.849999999999985,1.66162967242209e-14,0.6832174241359713,0.05510001219414386
66,8,LMM-1,4,14.0,0.0,13.849999999999985,1.66162967242209e-14,0.6832174241359713,0.05510001219414386
66,8,LMM-2,4,14.0,0.0,13.849999999999985,1.66162967242209e-14,0.6832174241359713,0.05510001219414386
66,10,LMM-1,4,11.0,0.0,10.99999999999999,1.1682163181672949e-14,0.7414340646916604,0.04643097951853354
66,10,LMM-2,4,11.0,0.0,10.99999999999999,1.1682163181672949e-14,0.7414340646916604,0.04643097951853354
67,4,LMM-1,4,13.5,0.0,13.374999999999986,1.5454049276990846e-14,0.6711228603491229,0.04822735373047849
67,4,LMM-2,4,13.5,0.0,13.374999999999986,1.5454049276990846e-14,0.6711228603491229,0.04822735373047849
67,6,LMM-1,4,12.0,0.0,11.949999999999989,1.3550179913572753e-14,0.6988385822625611,0.049147767640971944
67,6,LMM-2,4,12.0,0.0,11.949999999999989,1.3550179913572753e-14,0.6988385822625611,0.049147767640971944
67,8,LMM-1,4,10.0,0.0,10.049999999999988,1.09771810257693e-14,0.7538395384639782,0.043202447159496574
67,8,LMM-2,4,10.0,0.0,10.049999999999988,1.09771810257693e-14,0.7538395384639782,0.043202447159496574
67,10,LMM-1,4,8.0,0.0,8.149999999999991,8.379058453350832e-15,0.806378858407501,0.036266513344128934
67,10,LMM-2,4,7.125,0.21650635094610965,7.318749999999992,0.20568103339881133,0.8415038031825519,0.021894370161847577
68,4,LMM-1,4,18.0,0.0,17.649999999999977,2.1074360954473322e-14,0.5522827113704016,0.061605978050061565
68,4,LMM-2,4,18.0,0.0,17.649999999999977,2.1074360954473322e-14,0.5522827113704016,0.061605978050061565
68,6,LMM-1,4,18.0,0.0,17.649999999999977,2.1074360954473322e-14,0.5522827113704016,0.061605978050061565
68,6,LMM-2,4,18.0,0.0,17.649999999999977,2.1074360954473322e-14,0.5522827113704016,0.061605978050061565
68,8,LMM-1,4,14.0,0.0,13.849999999999985,1.66162967242209e-14,0.6337085878196307,0.054083252153391534
68,8,LMM-2,4,14.0,0.0,13.849999999999985,1.66162967242209e-14,0.6337085878196307,0.054083252153391534
68,10,LMM-1,4,10.0,0.0,10.049999999999988,1.09771810257693e-14,0.736124274474592,0.04307167621093107
68,10,LMM-2,4,10.0,0.0,10.049999999999988,1.09771810257693e-14,0.736124274474592,0.04307167621093107
69,4,LMM-1,4,11.0,0.0,10.99999999999999,1.1682163181672949e-14,0.7276477570240585,0.046584001019917
69,4,LMM-2,4,11.0,0.0,10.99999999999999,1.1682163181672949e-14,0.7276477570240585,0.046584001019917
69,6,LMM-1,4,11.0,0.0,10.99999999999999,1.1682163181672949e-14,0.7276477570240585,0.046584001019917
69,6,LMM-2,4,11.0,0.0,10.99999999999999,1.1682163181672949e-14,0.7276477570240585,0.046584001019917
69,8,LMM-1,4,10.0,0.0,10.049999999999988,1.09771810257693e-14,0.7499302391572196,0.04334214639742805
69,8,LMM-2,4,10.0,0.0,10.049999999999988,1.09771810257693e-14,0.7499302391572196,0.04334214639742805
69,10,LMM-1,4,9.0,0.0,9.09999999999999,9.524652439874977e-15,0.7904607630506935,0.039620124167906126
69,10,LMM-2,4,9.0,0.0,9.09999999999999,9.524652439874977e-15,0.7904607630506935,0.039620124167906126
70,4,LMM-1,4,11.0,0.0,10.99999999999999,1.1682163181672949e-14,0.7266202515879869,0.04619912049368907
70,4,LMM-2,4,11.0,0.0,10.99999999999999,1.1682163181672949e-14,0.7266202515879869,0.04619912049368907
70,6,LMM-1,4,11.0,0.0,10.99999999999999,1.1682163181672949e-14,0.7336114225016456,0.04630973333078915
70,6,LMM-2,4,11.0,0.0,10.99999999999999,1.1682163181672949e-14,0.7336114225016456,0.04630973333078915
70,8,LMM-1,4,11.0,0.0,10.99999999999999,1.1682163181672949e-14,0.7336114225016456,0.04630973333078915
70,8,LMM-2,4,11.0,0.0,10.99999999999999,1.1682163181672949e-14,0.7336114225016456,0.04630973333078915
70,10,LMM-1,4,9.0,0.0,9.09999999999999,9.524652439874977e-15,0.7859304337257356,0.03983043265955266
70,10,LMM-2,4,9.0,0.0,9.09999999999999,9.524652439874977e-15,0.7859304337257356,0.03983043265955266
71,4,LMM-1,4,12.0,0.0,11.949999999999989,1.3550179913572753e-14,0.7037438781051131,0.04899097593292177
71,4,LMM-2,4,12.0,0.0,11.949999999999989,1.3550179913572753e-14,0.7037438781051131,0.04899097593292177
71,6,LMM-1,4,12.0,0.0,11.949999999999989,1.3550179913572753e-14,0.7037438781051131,0.04899097593292177
71,6,LMM-2,4,12.0,0.0,11.949999999999989,1.3550179913572753e-14,0.7037438781051131,0.04899097593292177
71,8,LMM-1,4,11.5,0.0,11.474999999999987,1.2840246461466052e-14,0.7433802791124604,0.03679841113891653
71,8,LMM-2,4,11.5,0.0,11.474999999999987,1.2840246461466052e-14,0.7433802791124604,0.03679841113891653
71,10,LMM-1,4,10.0,0.0,10.049999999999988,1.09771810257693e-14,0.7614022043357593,0.04395583786797124
71,10,LMM-2,4,10.0,0.0,10.049999999999988,1.09771810257693e-14,0.7614022043357593,0.04395583786797124
72,4,LMM-1,4,10.5,0.0,10.524999999999988,1.09771810257693e-14,0.7558408028172264,0.035474842838321134
72,4,LMM-2,4,10.5,0.0,10.524999999999988,1.09771810257693e-14,0.7558408028172264,0.035474842838321134
72,6,LMM-1,4,9.0,0.0,9.09999999999999,9.524652439874977e-15,0.7778407053106081,0.039919145992408124
72,6,LMM-2,4,9.0,0.0,9.09999999999999,9.524652439874977e-15,0.7778407053106081,0.039919145992408124
72,8,LMM-1,4,8.0,0.0,8.149999999999991,8.379058453350832e-15,0.8051986996995026,0.036298975209956286
72,8,LMM-2,4,9.0,0.0,9.09999999999999,9.524652439874977e-15,0.8020635217783276,0.041055885764670015
72,10,LMM-1,4,8.0,0.0,8.149999999999991,8.379058453350832e-15,0.8039674598569311,0.03626698050092965
72,10,LMM-2,4,8.0,0.0,8.149999999999991,8.379058453350832e-15,0.8039674598569311,0.03626698050092965
73,4,LMM-1,4,12.0,0.0,11.949999999999989,1.3550179913572753e-14,0.6826625905925702,0.0490680781232097
73,4,LMM-2,4,12.0,0.0,11.949999999999989,1.3550179913572753e-14,0.6826625905925702,0.0490680781232097
73,6,LMM-1,4,10.0,0.0,10.049999999999988,1.09771810257693e-14,0.7430545037885898,0.04348892501858865
73,6,LMM-2,4,10.0,0.0,10.049999999999988,1.09771810257693e-14,0.7430545037885898,0.04348892501858865
73,8,LMM-1,4,9.0,0.0,9.099999999999989,9.840359552164707e-15,0.792470096266015,0.031181221464018038
73,8,LMM-2,4,9.0,0.0,9.099999999999989,9.840359552164707e-15,0.792470096266015,0.031181221464018038
73,10,LMM-1,4,8.0,0.0,8.149999999999991,8.379058453350832e-15,0.8072146193598073,0.03655233259760941
73,10,LMM-2,4,8.0,0.0,8.149999999999991,8.379058453350832e-15,0.8072146193598073,0.03655233259760941
74,4,LMM-1,4,12.5,0.0,12.424999999999986,1.2840246461466052e-14,0.7501215303265876,0.027395686791938885
74,4,LMM-2,4,12.5,0.0,12.424999999999986,1.2840246461466052e-14,0.7501215303265876,0.027395686791938885
74,6,LMM-1,4,12.0,0.0,11.949999999999989,1.3550179913572753e-14,0.7152869320575282,0.04953288207510132
74,6,LMM-2,4,12.0,0.0,11.949999999999989,1.3550179913572753e-14,0.7152869320575282,0.04953288207510132
74,8,LMM-1,4,12.0,0.0,11.949999999999989,1.3550179913572753e-14,0.7152869320575282,0.04953288207510132
74,8,LMM-2,4,12.0,0.0,11.949999999999989,1.3550179913572753e-14,0.7152869320575282,0.04953288207510132
74,10,LMM-1,4,12.0,0.0,11.949999999999989,1.3550179913572753e-14,0.7152869320575282,0.04953288207510132
74,10,LMM-2,4,12.0,0.0,11.949999999999989,1.3550179913572753e-14,0.7152869320575282,0.04953288207510132
75,4,LMM-1,4,11.0,0.0,10.99999999999999,1.1682163181672949e-14,0.7174038347664029,0.04628901232125122
75,4,LMM-2,4,11.0,0.0,10.99999999999999,1.1682163181672949e-14,0.7174038347664029,0.04628901232125122
75,6,LMM-1,4,10.0,0.0,10.049999999999988,1.09771810257693e-14,0.7399854312193948,0.043305286710265706
75,6,LMM-2,4,10.0,0.0,10.049999999999988,1.09771810257693e-14,0.7399854312193948,0.043305286710265706
75,8,LMM-1,4,10.0,0.0,10.049999999999988,1.09771810257693e-14,0.7463074989968475,0.04345536943781836
75,8,LMM-2,4,10.0,0.0,10.049999999999988,1.09771810257693e-14,0.7463074989968475,0.04345536943781836
75,10,LMM-1,4,10.0,0.0,10.049999999999988,1.09771810257693e-14,0.7540601652709568,0.04355865098556436
75,10,LMM-2,4,10.0,0.0,10.049999999999988,1.09771810257693e-14,0.7540601652709568,0.04355865098556436
76,4,LMM-1,4,11.0,0.0,10.99999999999999,1.1682163181672949e-14,0.7152306484642746,0.04619707204212311
76,4,LMM-2,4,11.0,0.0,10.99999999999999,1.1682163181672949e-14,0.7152306484642746,0.04619707204212311
76,6,LMM-1,4,11.0,0.0,10.99999999999999,1.1682163181672949e-14,0.7175158841320898,0.046046495922115765
76,6,LMM-2,4,11.0,0.0,10.99999999999999,1.1682163181672949e-14,0.7175158841320898,0.046046495922115765
76,8,LMM-1,4,8.0,0.0,8.149999999999991,8.379058453350832e-15,0.8032574658728726,0.03588187272858373
76,8,LMM-2,4,8.0,0.0,8.149999999999991,8.379058453350832e-15,0.8032574658728726,0.03588187272858373
76,10,LMM-1,4,8.0,0.0,8.149999999999991,8.379058453350832e-15,0.8065831813752158,0.03661265893327883
76,10,LMM-2,4,8.0,0.0,8.149999999999991,8.379058453350832e-15,0.8065831813752158,0.03661265893327883
77,4,LMM-1,4,15.0,0.0,14.799999999999983,1.6687357476335705e-14,0.6553845784907766,0.051603671530356304
77,4,LMM-2,4,15.0,0.0,14.799999999999983,1.6687357476335705e-14,0.6553845784907766,0.051603671530356304
77,6,LMM-1,4,15.0,0.0,14.799999999999983,1.6687357476335705e-14,0.6595338201994166,0.05774135659824913
77,6,LMM-2,4,15.0,0.0,14.799999999999983,1.6687357476335705e-14,0.6595338201994166,0.05774135659824913
77,8,LMM-1,4,12.0,0.0,11.949999999999989,1.3550179913572753e-14,0.7154752601750726,0.049377620803344485
77,8,LMM-2,4,12.0,0.0,11.949999999999989,1.3550179913572753e-14,0.7154752601750726,0.049377620803344485
77,10,LMM-1,4,12.0,0.0,11.949999999999989,1.3550179913572753e-14,0.7246055877088339,0.049701988031066686
77,10,LMM-2,4,12.0,0.0,11.949999999999989,1.3550179913572753e-14,0.7246055877088339,0.049701988031066686
78,4,LMM-1,4,16.0,0.0,15.749999999999982,1.860410498158186e-14,0.5987241080942854,0.058105612701861466
78,4,LMM-2,4,16.0,0.0,15.749999999999982,1.860410498158186e-14,0.5987241080942854,0.058105612701861466
78,6,LMM-1,4,13.5,0.0,13.374999999999986,1.4728772825180592e-14,0.6636513219123577,0.04985291588125937
78,6,LMM-2,4,13.5,0.0,13.374999999999986,1.4728772825180592e-14,0.6636513219123577,0.04985291588125937
78,8,LMM-1,4,11.0,0.0,10.99999999999999,1.1682163181672949e-14,0.7188275893007672,0.04630701057759339
78,8,LMM-2,4,11.0,0.0,10.99999999999999,1.1682163181672949e-14,0.7188275893007672,0.04630701057759339
78,10,LMM-1,4,9.0,0.0,9.09999999999999,9.524652439874977e-15,0.8162863413209777,0.022926824989446544
78,10,LMM-2,4,8.296875,0.1616262567623219,8.43203124999999,0.15354494392421306,0.8435565919858635,0.012252855321860724
79,4,LMM-1,4,13.0,0.0,12.899999999999988,1.4015219063576278e-14,0.7215408020590979,0.03158141375952276
79,4,LMM-2,4,13.0,0.0,12.899999999999988,1.4015219063576278e-14,0.7215408020590979,0.03158141375952276
79,6,LMM-1,4,12.0,0.0,11.949999999999989,1.3550179913572753e-14,0.7100137833427955,0.04931989615446626
79,6,LMM-2,4,12.0,0.0,11.949999999999989,1.3550179913572753e-14,0.7100137833427955,0.04931989615446626
79,8,LMM-1,4,11.0,0.0,10.99999999999999,1.1682163181672949e-14,0.7500926294616548,0.046601410199053714
79,8,LMM-2,4,11.0,0.0,10.99999999999999,1.1682163181672949e-14,0.7500926294616548,0.046601410199053714
79,10,LMM-1,4,11.0,0.0,10.99999999999999,1.1682163181672949e-14,0.7500926294616548,0.046601410199053714
79,10,LMM-2,4,11.0,0.0,10.99999999999999,1.1682163181672949e-14,0.7500926294616548,0.046601410199053714
80,4,LMM-1,4,13.0,0.0,12.899999999999986,1.4008181544145075e-14,0.7254017025682116,0.028117146436125815
80,4,LMM-2,4,13.0,0.0,12.899999999999986,1.4008181544145075e-14,0.7254017025682116,0.028117146436125815
80,6,LMM-1,4,11.0,0.0,10.99999999999999,1.1682163181672949e-14,0.7281871027885282,0.046660688191656925
80,6,LMM-2,4,11.0,0.0,10.99999999999999,1.1682163181672949e-14,0.7281871027885282,0.046660688191656925
80,8,LMM-1,4,10.0,0.0,10.049999999999988,1.09771810257693e-14,0.7524667910341286,0.04298808530444176
80,8,LMM-2,4,10.0,0.0,10.049999999999988,1.09771810257693e-14,0.7524667910341286,0.04298808530444176
80,10,LMM-1,4,10.0,0.0,10.049999999999988,1.09771810257693e-14,0.7650197385819923,0.04337373172847031
80,10,LMM-2,4,10.0,0.0,10.049999999999988,1.09771810257693e-14,0.7650197385819923,0.04337373172847031
81,4,LMM-1,4,12.0,0.0,11.949999999999989,1.3550179913572753e-14,0.7076992778390487,0.049102040189876114
81,4,LMM-2,4,12.0,0.0,11.949999999999989,1.3550179913572753e-14,0.7076992778390487,0.049102040189876114
81,6,LMM-1,4,11.0,0.0,10.99999999999999,1.1682163181672949e-14,0.7296647456247521,0.04626268131565056
81,6,LMM-2,4,11.0,0.0,10.99999999999999,1.1682163181672949e-14,0.7296647456247521,0.04626268131565056
81,8,LMM-1,4,11.0,0.0,10.99999999999999,1.1682163181672949e-14,0.786368463691218,0.02460545845315602
81,8,LMM-2,4,11.0,0.0,10.99999999999999,1.1682163181672949e-14,0.786368463691218,0.02460545845315602
81,10,LMM-1,4,10.0,0.0,10.049999999999988,9.969778034532539e-15,0.8113914773983855,0.02262785081434619
81,10,LMM-2,4,10.0,0.0,10.049999999999988,9.969778034532539e-15,0.8113914773983855,0.02262785081434619
82,4,LMM-1,4,11.0,0.0,10.99999999999999,1.1682163181672949e-14,0.7359704613783852,0.0465220360694292
82,4,LMM-2,4,11.0,0.0,10.99999999999999,1.1682163181672949e-14,0.7359704613783852,0.0465220360694292
82,6,LMM-1,4,11.0,0.0,10.99999999999999,1.1682163181672949e-14,0.7359704613783852,0.0465220360694292
82,6,LMM-2,4,11.0,0.0,10.99999999999999,1.1682163181672949e-14,0.7359704613783852,0.0465220360694292
82,8,LMM-1,4,9.0,0.0,9.09999999999999,9.524652439874977e-15,0.7882220437245633,0.040256232893917825
82,8,LMM-2,4,7.0,0.0,7.199999999999991,7.143489329906233e-15,0.8624726433133829,0.021636979941473594
82,10,LMM-1,4,9.0,0.0,9.09999999999999,9.524652439874977e-15,0.7882220437245633,0.040256232893917825
82,10,LMM-2,4,6.28125,0.4180965050081141,6.517187499999993,0.39719167975771474,0.8956003795880542,0.005243717948966174
83,4,LMM-1,4,11.0,0.0,10.99999999999999,1.1682163181672949e-14,0.7705649897675508,0.024801727007033994
83,4,LMM-2,4,11.0,0.0,10.99999999999999,1.1682163181672949e-14,0.7705649897675508,0.024801727007033994
83,6,LMM-1,4,11.0,0.0,10.99999999999999,1.1682163181672949e-14,0.7195371243258992,0.04650484663294
83,6,LMM-2,4,11.0,0.0,10.99999999999999,1.1682163181672949e-14,0.7195371243258992,0.04650484663294
83,8,LMM-1,4,11.0,0.0,10.99999999999999,1.1682163181672949e-14,0.7195371243258992,0.04650484663294
83,8,LMM-2,4,11.0,0.0,10.99999999999999,1.1682163181672949e-14,0.7195371243258992,0.04650484663294
83,10,LMM-1,4,10.0,0.0,10.049999999999988,1.09771810257693e-14,0.7530493344348846,0.04368064442238488
83,10,LMM-2,4,10.0,0.0,10.049999999999988,1.09771810257693e-14,0.7530493344348846,0.04368064442238488
84,4,LMM-1,4,17.0,0.0,16.69999999999998,1.8180558827703948e-14,0.617138148844524,0.061385811030956645
84,4,LMM-2,4,17.0,0.0,16.69999999999998,1.8180558827703948e-14,0.617138148844524,0.061385811030956645
84,6,LMM-1,4,15.5,0.0,15.274999999999983,1.854570987253821e-14,0.6588417373985131,0.050602659943471615
84,6,LMM-2,4,15.5,0.0,15.274999999999983,1.854570987253821e-14,0.6588417373985131,0.050602659943471615
84,8,LMM-1,4,14.0,0.0,13.849999999999985,1.66162967242209e-14,0.669158807720279,0.05447096039755989
84,8,LMM-2,4,14.0,0.0,13.849999999999985,1.66162967242209e-14,0.669158807720279,0.05447096039755989
84,10,LMM-1,4,12.0,0.0,11.949999999999989,1.3550179913572753e-14,0.7135890294620496,0.049261698195966555
84,10,LMM-2,4,12.0,0.0,11.949999999999989,1.3550179913572753e-14,0.7135890294620496,0.049261698195966555
85,4,LMM-1,4,17.0,0.0,16.69999999999998,1.8180558827703948e-14,0.5782240696363186,0.059990209308330676
85,4,LMM-2,4,17.0,0.0,16.69999999999998,1.8180558827703948e-14,0.5782240696363186,0.059990209308330676
85,6,LMM-1,4,16.0,0.0,15.749999999999982,1.860410498158186e-14,0.6001258509917017,0.05836518945465085
85,6,LMM-2,4,16.0,0.0,15.749999999999982,1.860410498158186e-14,0.6001258509917017,0.05836518945465085
85,8,LMM-1,4,11.0,0.0,10.99999999999999,1.1682163181672949e-14,0.7342575193162396,0.046425347049810356
85,8,LMM-2,4,11.0,0.0,10.99999999999999,1.1682163181672949e-14,0.7342575193162396,0.046425347049810356
85,10,LMM-1,4,9.0,0.0,9.09999999999999,9.524652439874977e-15,0.7895838465317317,0.039835683664079656
85,10,LMM-2,4,9.0,0.0,9.09999999999999,9.524652439874977e-15,0.7895838465317317,0.039835683664079656
86,4,LMM-1,4,13.0,0.0,12.899999999999986,1.4266257867675778e-14,0.679961789068785,0.05200033554909619
86,4,LMM-2,4,13.0,0.0,12.899999999999986,1.4266257867675778e-14,0.679961789068785,0.05200033554909619
86,6,LMM-1,4,12.0,0.0,11.949999999999989,1.3550179913572753e-14,0.7142221757319104,0.04928745726757609
86,6,LMM-2,4,12.0,0.0,11.949999999999989,1.3550179913572753e-14,0.7142221757319104,0.04928745726757609
86,8,LMM-1,4,10.0,0.0,10.049999999999988,1.09771810257693e-14,0.7587138464323051,0.043226617828084
86,8,LMM-2,4,10.0,0.0,10.049999999999988,1.09771810257693e-14,0.7587138464323051,0.043226617828084
86,10,LMM-1,4,10.0,0.0,10.049999999999988,1.09771810257693e-14,0.7631958777446364,0.04309647683607777
86,10,LMM-2,4,10.0,0.0,10.049999999999988,1.09771810257693e-14,0.7631958777446364,0.04309647683607777
87,4,LMM-1,4,12.0,0.0,11.949999999999989,1.3550179913572753e-14,0.6870445241467196,0.049184164893229035
87,4,LMM-2,4,12.0,0.0,11.949999999999989,1.3550179913572753e-14,0.6870445241467196,0.049184164893229035
87,6,LMM-1,4,12.0,0.0,11.949999999999989,1.3550179913572753e-14,0.6903553791799392,0.04903869787635862
87,6,LMM-2,4,12.0,0.0,11.949999999999989,1.3550179913572753e-14,0.6903553791799392,0.04903869787635862
87,8,LMM-1,4,10.0,0.0,10.049999999999988,1.09771810257693e-14,0.755022648584027,0.0431787469971131
87,8,LMM-2,4,10.0,0.0,10.049999999999988,1.09771810257693e-14,0.755022648584027,0.0431787469971131
87,10,LMM-1,4,10.0,0.0,10.049999999999988,1.09771810257693e-14,0.755022648584027,0.0431787469971131
87,10,LMM-2,4,10.0,0.0,10.049999999999988,1.09771810257693e-14,0.755022648584027,0.0431787469971131
88,4,LMM-1,4,11.0,0.0,10.99999999999999,1.1682163181672949e-14,0.7246780598217756,0.04630031550797931
88,4,LMM-2,4,11.0,0.0,10.99999999999999,1.1682163181672949e-14,0.7246780598217756,0.04630031550797931
88,6,LMM-1,4,10.5,0.0,10.524999999999988,1.09771810257693e-14,0.7721199200327805,0.03154483517635238
88,6,LMM-2,4,10.5,0.0,10.524999999999988,1.09771810257693e-14,0.7721199200327805,0.03154483517635238
88,8,LMM-1,4,10.0,0.0,10.049999999999988,1.09771810257693e-14,0.7842309465956625,0.030727512897597647
88,8,LMM-2,4,10.0,0.0,10.049999999999988,1.09771810257693e-14,0.7842309465956625,0.030727512897597647
88,10,LMM-1,4,9.5,0.0,9.574999999999989,9.840359552164707e-15,0.7974084748999705,0.030003675222767017
88,10,LMM-2,4,9.5,0.0,9.574999999999989,9.840359552164707e-15,0.7974084748999705,0.030003675222767017
89,4,LMM-1,4,12.0,0.0,11.949999999999989,1.3550179913572753e-14,0.6948371167822436,0.04897140432600047
89,4,LMM-2,4,12.0,0.0,11.949999999999989,1.3550179913572753e-14,0.6948371167822436,0.04897140432600047
89,6,LMM-1,4,11.0,0.0,10.99999999999999,1.1682163181672949e-14,0.7266816804445841,0.0463039770979421
89,6,LMM-2,4,11.0,0.0,10.99999999999999,1.1682163181672949e-14,0.7266816804445841,0.0463039770979421
89,8,LMM-1,4,10.0,0.0,10.049999999999988,1.09771810257693e-14,0.756442979404142,0.04340955994079985
89,8,LMM-2,4,10.0,0.0,10.049999999999988,1.09771810257693e-14,0.756442979404142,0.04340955994079985
89,10,LMM-1,4,10.0,0.0,10.049999999999988,1.09771810257693e-14,0.8064326486017155,0.02297736398762687
89,10,LMM-2,4,10.0,0.0,10.049999999999988,1.09771810257693e-14,0.8064326486017155,0.02297736398762687
90,4,LMM-1,4,12.0,0.0,11.949999999999989,1.3550179913572753e-14,0.7020904209432814,0.0491194108011945
90,4,LMM-2,4,12.0,0.0,11.949999999999989,1.3550179913572753e-14,0.7020904209432814,0.0491194108011945
90,6,LMM-1,4,12.0,0.0,11.949999999999989,1.3550179913572753e-14,0.7020904209432814,0.0491194108011945
90,6,LMM-2,4,12.0,0.0,11.949999999999989,1.3550179913572753e-14,0.7020904209432814,0.0491194108011945
90,8,LMM-1,4,11.0,0.0,10.99999999999999,1.1682163181672949e-14,0.723235368683476,0.04604115022128115
90,8,LMM-2,4,11.0,0.0,10.99999999999999,1.1682163181672949e-14,0.723235368683476,0.04604115022128115
90,10,LMM-1,4,10.0,0.0,10.049999999999988,1.09771810257693e-14,0.7554620334576954,0.04294675199548539
90,10,LMM-2,4,10.0,0.0,10.049999999999988,1.09771810257693e-14,0.7554620334576954,0.04294675199548539
91,4,LMM-1,4,11.0,0.0,10.99999999999999,1.1682163181672949e-14,0.7260028287168305,0.04629094522996656
91,4,LMM-2,4,11.0,0.0,10.99999999999999,1.1682163181672949e-14,0.7260028287168305,0.04629094522996656
91,6,LMM-1,4,11.0,0.0,10.99999999999999,1.1682163181672949e-14,0.7260028287168305,0.04629094522996656
91,6,LMM-2,4,11.0,0.0,10.99999999999999,1.1682163181672949e-14,0.7260028287168305,0.04629094522996656
91,8,LMM-1,4,11.0,0.0,10.99999999999999,1.1682163181672949e-14,0.7775811732385907,0.024738683980748126
91,8,LMM-2,4,11.0,0.0,10.99999999999999,1.1682163181672949e-14,0.7775811732385907,0.024738683980748126
91,10,LMM-1,4,9.0,0.0,9.09999999999999,9.524652439874977e-15,0.7824257995891535,0.03996375127382302
91,10,LMM-2,4,6.28125,0.4180965050081141,6.517187499999993,0.39719167975771474,0.8949930634254293,0.0052095871548648864
92,4,LMM-1,4,13.0,0.0,12.899999999999986,1.4266257867675778e-14,0.6838272019024633,0.05201086203118423
92,4,LMM-2,4,13.0,0.0,12.899999999999986,1.4266257867675778e-14,0.6838272019024633,0.05201086203118423
92,6,LMM-1,4,12.0,0.0,11.949999999999989,1.3550179913572753e-14,0.7038042625628051,0.0493555482054795
92,6,LMM-2,4,12.0,0.0,11.949999999999989,1.3550179913572753e-14,0.7038042625628051,0.0493555482054795
92,8,LMM-1,4,11.0,0.0,10.99999999999999,1.1682163181672949e-14,0.7410460429571378,0.04649978147296903
92,8,LMM-2,4,11.0,0.0,10.99999999999999,1.1682163181672949e-14,0.7410460429571378,0.04649978147296903
92,10,LMM-1,4,9.0,0.0,9.09999999999999,9.524652439874977e-15,0.7850822037654347,0.0396888280329248
92,10,LMM-2,4,9.0,0.0,9.09999999999999,9.524652439874977e-15,0.7850822037654347,0.0396888280329248
93,4,LMM-1,4,16.0,0.0,15.749999999999982,1.860410498158186e-14,0.6222934408757794,0.05924260031653862
93,4,LMM-2,4,16.0,0.0,15.749999999999982,1.860410498158186e-14,0.6222934408757794,0.05924260031653862
93,6,LMM-1,4,16.0,0.0,15.749999999999982,1.860410498158186e-14,0.6222934408757794,0.05924260031653862
93,6,LMM-2,4,16.0,0.0,15.749999999999982,1.860410498158186e-14,0.6222934408757794,0.05924260031653862
93,8,LMM-1,4,12.0,0.0,11.949999999999989,1.3550179913572753e-14,0.7137033807743761,0.04954513095977019
93,8,LMM-2,4,12.0,0.0,11.949999999999989,1.3550179913572753e-14,0.7137033807743761,0.04954513095977019
93,10,LMM-1,4,11.0,0.0,10.99999999999999,1.1682163181672949e-14,0.7460116672786502,0.04685148866001748
93,10,LMM-2,4,11.0,0.0,10.99999999999999,1.1682163181672949e-14,0.7460116672786502,0.04685148866001748
94,4,LMM-1,4,13.0,0.0,12.899999999999986,1.4266257867675778e-14,0.6757430834068531,0.05167853455680804
94,4,LMM-2,4,13.0,0.0,12.899999999999986,1.4266257867675778e-14,0.6757430834068531,0.05167853455680804
94,6,LMM-1,4,12.0,0.0,11.949999999999989,1.3550179913572753e-14,0.7095192298174119,0.049123673467833
94,6,LMM-2,4,12.0,0.0,11.949999999999989,1.3550179913572753e-14,0.7095192298174119,0.049123673467833
94,8,LMM-1,4,11.0,0.0,10.99999999999999,1.1682163181672949e-14,0.7272183551143716,0.04646461081333685
94,8,LMM-2,4,11.0,0.0,10.99999999999999,1.1682163181672949e-14,0.7272183551143716,0.04646461081333685
94,10,LMM-1,4,11.0,0.0,10.99999999999999,1.1682163181672949e-14,0.7288865517389995,0.046166990935931074
94,10,LMM-2,4,11.0,0.0,10.99999999999999,1.1682163181672949e-14,0.7288865517389995,0.046166990935931074
95,4,LMM-1,4,12.0,0.0,11.949999999999989,1.3550179913572753e-14,0.7434563399490045,0.033999223578397256
95,4,LMM-2,4,12.0,0.0,11.949999999999989,1.3550179913572753e-14,0.7434563399490045,0.033999223578397256
95,6,LMM-1,4,10.0,0.0,10.049999999999988,1.09771810257693e-14,0.7631338960335918,0.04328389061138242
95,6,LMM-2,4,10.0,0.0,10.049999999999988,1.09771810257693e-14,0.7631338960335918,0.04328389061138242
95,8,LMM-1,4,10.5,0.0,10.524999999999988,1.0950198975068616e-14,0.7831253492788863,0.03174191991973901
95,8,LMM-2,4,10.5,0.0,10.524999999999988,1.0950198975068616e-14,0.7831253492788863,0.03174191991973901
95,10,LMM-1,4,9.0,0.0,9.09999999999999,9.524652439874977e-15,0.7875768904594023,0.04005126104423916
95,10,LMM-2,4,9.0,0.0,9.09999999999999,9.524652439874977e-15,0.7875768904594023,0.04005126104423916
96,4,LMM-1,4,12.0,0.0,11.949999999999989,1.3550179913572753e-14,0.7026945908689599,0.04922350776966652
96,4,LMM-2,4,12.0,0.0,11.949999999999989,1.3550179913572753e-14,0.7026945908689599,0.04922350776966652
96,6,LMM-1,4,12.0,0.0,11.949999999999989,1.3550179913572753e-14,0.7026945908689599,0.04922350776966652
96,6,LMM-2,4,12.0,0.0,11.949999999999989,1.3550179913572753e-14,0.7026945908689599,0.04922350776966652
96,8,LMM-1,4,12.0,0.0,11.949999999999989,1.3550179913572753e-14,0.7026945908689599,0.04922350776966652
96,8,LMM-2,4,12.0,0.0,11.949999999999989,1.3550179913572753e-14,0.7026945908689599,0.04922350776966652
96,10,LMM-1,4,9.0,0.0,9.09999999999999,9.524652439874977e-15,0.7729175218768876,0.03968683044329994
96,10,LMM-2,4,9.0,0.0,9.09999999999999,9.524652439874977e-15,0.7729175218768876,0.03968683044329994
97,4,LMM-1,4,12.5,0.0,12.424999999999986,1.2840246461466052e-14,0.6903243689670053,0.04368641694495685
97,4,LMM-2,4,12.5,0.0,12.424999999999986,1.2840246461466052e-14,0.6903243689670053,0.04368641694495685
97,6,LMM-1,4,11.0,0.0,10.99999999999999,1.1682163181672949e-14,0.7205381232114746,0.04653185492207687
97,6,LMM-2,4,11.0,0.0,10.99999999999999,1.1682163181672949e-14,0.7205381232114746,0.04653185492207687
97,8,LMM-1,4,10.0,0.0,10.049999999999988,1.09771810257693e-14,0.7458785328641343,0.04322338546582641
97,8,LMM-2,4,10.0,0.0,10.049999999999988,1.09771810257693e-14,0.7458785328641343,0.04322338546582641
97,10,LMM-1,4,9.0,0.0,9.09999999999999,9.524652439874977e-15,0.7785297332272617,0.03971288706181037
97,10,LMM-2,4,9.0,0.0,9.09999999999999,9.524652439874977e-15,0.7785297332272617,0.03971288706181037
98,4,LMM-1,4,14.0,0.0,13.849999999999985,1.66162967242209e-14,0.6765477117308869,0.05475614877469747
98,4,LMM-2,4,14.0,0.0,13.849999999999985,1.66162967242209e-14,0.6765477117308869,0.05475614877469747
98,6,LMM-1,4,13.5,0.0,13.374999999999986,1.5434895314732314e-14,0.7025432292177713,0.04511497082623024
98,6,LMM-2,4,13.5,0.0,13.374999999999986,1.5434895314732314e-14,0.7025432292177713,0.04511497082623024
98,8,LMM-1,4,12.0,0.0,11.949999999999989,1.3550179913572753e-14,0.7128534326287612,0.04935315725762171
98,8,LMM-2,4,12.0,0.0,11.949999999999989,1.3550179913572753e-14,0.7128534326287612,0.04935315725762171
98,10,LMM-1,4,11.0,0.0,10.99999999999999,1.1682163181672949e-14,0.7369921805739719,0.04634210604791372
98,10,LMM-2,4,11.0,0.0,10.99999999999999,1.1682163181672949e-14,0.7369921805739719,0.04634210604791372
99,4,LMM-1,4,18.0,0.0,17.649999999999977,2.1074360954473322e-14,0.5630499971442511,0.06160671852013789
99,4,LMM-2,4,18.0,0.0,17.649999999999977,2.1074360954473322e-14,0.5630499971442511,0.06160671852013789
99,6,LMM-1,4,13.0,0.0,12.899999999999986,1.4266257867675778e-14,0.6615500523025789,0.05135455516533655
99,6,LMM-2,4,13.0,0.0,12.899999999999986,1.4266257867675778e-14,0.6615500523025789,0.05135455516533655
99,8,LMM-1,4,10.0,0.0,10.049999999999988,1.09771810257693e-14,0.7391782689749287,0.04331870055835083
99,8,LMM-2,4,10.0,0.0,10.049999999999988,1.09771810257693e-14,0.7391782689749287,0.04331870055835083
99,10,LMM-1,4,9.0,0.0,9.09999999999999,9.524652439874977e-15,0.769989672339741,0.03974648192239043
99,10,LMM-2,4,9.0,0.0,9.09999999999999,9.524652439874977e-15,0.769989672339741,0.03974648192239043
100,4,LMM-1,4,11.0,0.0,10.99999999999999,1.1682163181672949e-14,0.7096993936578094,0.04618282230474016
100,4,LMM-2,4,11.0,0.0,10.99999999999999,1.1682163181672949e-14,0.7096993936578094,0.04618282230474016
100,6,LMM-1,4,11.0,0.0,10.99999999999999,1.1682163181672949e-14,0.7196382477960255,0.04630254707302689
100,6,LMM-2,4,11.0,0.0,10.99999999999999,1.1682163181672949e-14,0.7196382477960255,0.04630254707302689
100,8,LMM-1,4,10.0,0.0,10.049999999999988,1.09771810257693e-14,0.7478140184056891,0.042991690317011465
100,8,LMM-2,4,10.0,0.0,10.049999999999988,1.09771810257693e-14,0.7478140184056891,0.042991690317011465
100,10,LMM-1,4,10.0,0.0,10.049999999999988,1.09771810257693e-14,0.7478140184056891,0.042991690317011465
100,10,LMM-2,4,9.0,0.0,9.09999999999999,9.524652439874977e-15,0.7936564093539291,0.031554902062944576
