iteration,num_users,lmm,samples,avg_hops,avg_hops_std,avg_delay,avg_delay_std,avg_success_rate,avg_success_rate_std
1,2,LMM-1,4,8.25,1.479019945774904,8.387500000000005,1.4050689484861598,0.8524349382955249,0.03659981241332997
1,2,LMM-2,4,7.9375,1.7710784144130942,8.090625000000003,1.6825244936924406,0.8611194579358464,0.044835509401140936
1,4,LMM-1,4,8.25,1.479019945774904,8.38749999999999,1.405068948486157,0.8295196774559683,0.0408040624125978
1,4,LMM-2,4,8.125,1.58607219255619,8.26874999999999,1.5067685829283786,0.8406092581264016,0.051043805357591995
1,6,LMM-1,4,8.1875,1.3849074878850212,8.32812499999998,1.3156621134907671,0.8148699079703989,0.03287062804387139
1,6,LMM-2,4,8.0,1.5309310892394863,8.14999999999998,1.4543845347775086,0.8322243719269284,0.049457852540002796
1,8,LMM-1,4,8.5,1.2374368670764582,8.624999999999984,1.1755650237226332,0.8058332379737199,0.04253309414812707
1,8,LMM-2,4,8.0,1.5309310892394863,8.149999999999984,1.4543845347775093,0.8173381784282379,0.05423057535530804
2,2,LMM-1,4,9.5,1.224744871391589,9.575000000000006,1.1635076278220116,0.8350735331853688,0.029512202016545173
2,2,LMM-2,4,9.375,1.340475661845451,9.456250000000004,1.2734518787531808,0.8374637805444846,0.0323753609368502
2,4,LMM-1,4,9.5,1.224744871391589,9.57499999999999,1.1635076278220087,0.8072432272346698,0.03031853750396655
2,4,LMM-2,4,9.28125,1.4425861109479738,9.36718749999999,1.3704568054005746,0.8145809474503989,0.0406798009522545
2,6,LMM-1,4,9.6875,1.2670709332945809,9.75312499999998,1.2037173866298494,0.7839391269786109,0.030603601120181536
2,6,LMM-2,4,9.4375,1.5449008867885343,9.515624999999979,1.4676558424491046,0.7939685817304741,0.0453425542499522
2,8,LMM-1,4,9.6875,1.2670709332945809,9.753124999999983,1.20371738662985,0.7597100006069386,0.031954971599871713
2,8,LMM-2,4,9.375,1.625,9.456249999999983,1.5437499999999975,0.7730794189106178,0.052245124083683696
3,2,LMM-1,4,10.0,2.084166500066633,10.050000000000006,1.979958175063303,0.8316230177193075,0.04762937931079849
3,2,LMM-2,4,9.0625,2.8083302423326213,9.125000000000005,2.687630810769964,0.8525102505222848,0.06552355630636486
3,4,LMM-1,4,10.0,2.084166500066633,10.049999999999988,1.9799581750632982,0.8082668193852852,0.05026229488893717
3,4,LMM-2,4,8.625,3.1942330847951594,8.709374999999989,3.0552129503317724,0.8430596885319299,0.08041866844989937
3,6,LMM-1,4,10.0625,2.026195634680916,10.109374999999977,1.924885852946866,0.7915810023492715,0.05743280021788678
3,6,LMM-2,4,8.5625,3.26618565761348,8.64999999999998,3.1224614689376002,0.8285801804410686,0.09008658745706084
3,8,LMM-1,4,9.625,1.2930100540985752,9.693749999999982,1.2283595513936443,0.7872295433231887,0.03569562120310206
3,8,LMM-2,4,8.125,2.6309456474811483,8.234374999999986,2.5180035339282143,0.8293184373482301,0.07694054671359649
4,2,LMM-1,4,13.0,1.6583123951777,12.90000000000001,1.5753967754188174,0.7665232578979809,0.030640448005805794
4,2,LMM-2,4,13.0,1.6583123951777,12.90000000000001,1.5753967754188174,0.7665232578979809,0.030640448005805794
4,4,LMM-1,4,13.0,1.6583123951777,12.899999999999984,1.575396775418813,0.7225227682155841,0.03584106937546723
4,4,LMM-2,4,13.0,1.6583123951777,12.899999999999984,1.575396775418813,0.7225227682155841,0.03584106937546723
4,6,LMM-1,4,13.0,1.6583123951777,12.899999999999972,1.5753967754188107,0.6809953070805397,0.04037725553128231
4,6,LMM-2,4,13.0,1.6583123951777,12.899999999999972,1.5753967754188107,0.6809953070805397,0.04037725553128231
4,8,LMM-1,4,13.0,1.6583123951777,12.899999999999979,1.5753967754188138,0.6418058622219325,0.044303819649885966
4,8,LMM-2,4,13.0,1.6583123951777,12.899999999999979,1.5753967754188138,0.6418058622219325,0.044303819649885966
5,2,LMM-1,4,11.75,1.14564392373896,11.712500000000007,1.0883617275520137,0.8003680555420272,0.02285867654035405
5,2,LMM-2,4,11.75,1.14564392373896,11.712500000000007,1.0883617275520137,0.8003680555420272,0.02285867654035405
5,4,LMM-1,4,11.75,1.14564392373896,11.712499999999988,1.088361727552011,0.7622667348234692,0.026224626340776238
5,4,LMM-2,4,11.75,1.14564392373896,11.712499999999988,1.088361727552011,0.7622667348234692,0.026224626340776238
5,6,LMM-1,4,11.75,1.14564392373896,11.712499999999974,1.08836172755201,0.7259257126655847,0.029619231715680143
5,6,LMM-2,4,11.75,1.14564392373896,11.712499999999974,1.08836172755201,0.7259257126655847,0.029619231715680143
5,8,LMM-1,4,12.0,0.9354143466934853,11.94999999999998,0.8886436293588104,0.7050610261149324,0.0459791369155866
5,8,LMM-2,4,12.0,0.9354143466934853,11.94999999999998,0.8886436293588104,0.7050610261149324,0.0459791369155866
6,2,LMM-1,4,10.3125,1.2167451458707366,10.346875000000008,1.1559078885772014,0.8097915536841547,0.035550057786789775
6,2,LMM-2,4,10.1875,1.3849074878850212,10.228125000000006,1.3156621134907724,0.8126563523098491,0.03978345763125489
6,4,LMM-1,4,10.3125,1.2167451458707366,10.34687499999999,1.1559078885771992,0.7791183185387881,0.04393224260187835
6,4,LMM-2,4,10.09375,1.5190843253420792,10.13906249999999,1.4431301090749737,0.7843039125226321,0.05187032000181034
6,6,LMM-1,4,10.3125,1.2167451458707366,10.346874999999978,1.1559078885771974,0.7496391531981659,0.05182005693303537
6,6,LMM-2,4,10.0,1.6583123951777,10.049999999999978,1.5753967754188112,0.7574651082403947,0.0640533787160164
6,8,LMM-1,4,10.4375,1.150747039970123,10.465624999999982,1.0932096879716156,0.7424153157327604,0.048786084899822106
6,8,LMM-2,4,10.09375,1.6848938208385713,10.139062499999982,1.600649129796641,0.7519149645665767,0.06311302419478877
7,2,LMM-1,4,9.125,1.4306903927824497,9.218750000000005,1.359155873143329,0.8336306989924972,0.034126113607493444
7,2,LMM-2,4,9.125,1.4306903927824497,9.218750000000005,1.359155873143329,0.8336306989924972,0.034126113607493444
7,4,LMM-1,4,9.125,1.4306903927824497,9.218749999999991,1.3591558731433262,0.80487848162323,0.03251946988251402
7,4,LMM-2,4,9.125,1.4306903927824497,9.218749999999991,1.3591558731433262,0.80487848162323,0.03251946988251402
7,6,LMM-1,4,9.3125,1.3272975363497064,9.39687499999998,1.2609326595322183,0.7935528075602982,0.03794396179177829
7,6,LMM-2,4,9.291666666666668,1.3443554837418064,9.377083333333314,1.2771377095547136,0.7950891625499124,0.039241702031217775
7,8,LMM-1,4,9.5,1.4469796128487782,9.574999999999983,1.3746306322063373,0.7813339286757602,0.04831990156547053
7,8,LMM-2,4,9.28125,1.6685861342765618,9.367187499999982,1.5851568275627312,0.7871186497616439,0.05428055855356165
8,2,LMM-1,4,9.875,1.0825317547305484,9.931250000000006,1.0284051669940208,0.8364606592331283,0.01993187444081591
8,2,LMM-2,4,9.875,1.0825317547305484,9.931250000000006,1.0284051669940208,0.8364606592331283,0.01993187444081591
8,4,LMM-1,4,9.875,1.0825317547305484,9.931249999999988,1.0284051669940193,0.8108751373265057,0.024745717957895087
8,4,LMM-2,4,9.875,1.0825317547305484,9.931249999999988,1.0284051669940193,0.8108751373265057,0.024745717957895087
8,6,LMM-1,4,9.875,1.0825317547305484,9.931249999999977,1.0284051669940193,0.7860499445277911,0.029312994919835828
8,6,LMM-2,4,9.875,1.0825317547305484,9.931249999999977,1.0284051669940193,0.7860499445277911,0.029312994919835828
8,8,LMM-1,4,9.875,1.0825317547305484,9.93124999999998,1.0284051669940193,0.7619638352161766,0.033642367961050246
8,8,LMM-2,4,9.875,1.0825317547305484,9.93124999999998,1.0284051669940193,0.7619638352161766,0.033642367961050246
9,2,LMM-1,4,9.125,1.192424001771182,9.218750000000004,1.1328028016826237,0.853670053919825,0.026905341676345812
9,2,LMM-2,4,9.125,1.192424001771182,9.218750000000004,1.1328028016826237,0.853670053919825,0.026905341676345812
9,4,LMM-1,4,9.125,1.192424001771182,9.21874999999999,1.132802801682622,0.833746892213636,0.029905309971672466
9,4,LMM-2,4,9.125,1.192424001771182,9.21874999999999,1.132802801682622,0.833746892213636,0.029905309971672466
9,6,LMM-1,4,9.125,1.192424001771182,9.218749999999979,1.1328028016826206,0.8142694861279905,0.03276752309002938
9,6,LMM-2,4,9.125,1.192424001771182,9.218749999999979,1.1328028016826206,0.8142694861279905,0.03276752309002938
9,8,LMM-1,4,9.125,1.192424001771182,9.218749999999984,1.1328028016826213,0.7952433849522296,0.03547349792269513
9,8,LMM-2,4,9.125,1.192424001771182,9.218749999999984,1.1328028016826213,0.7952433849522296,0.03547349792269513
10,2,LMM-1,4,9.5625,1.7173289580042608,9.634375000000006,1.6314625101040496,0.8449092004130856,0.044944547679363935
10,2,LMM-2,4,9.5,1.7677669529663689,9.575000000000006,1.6793786053180522,0.8456712080363196,0.045756586735547465
10,4,LMM-1,4,9.5625,1.7173289580042608,9.63437499999999,1.6314625101040459,0.8180861361024065,0.05191905555360471
10,4,LMM-2,4,9.5,1.7677669529663689,9.57499999999999,1.6793786053180486,0.8190555514725465,0.05305799350009611
10,6,LMM-1,4,9.5625,1.7173289580042608,9.634374999999979,1.6314625101040445,0.7921792431769712,0.058875645874514076
10,6,LMM-2,4,9.5,1.7677669529663689,9.574999999999978,1.6793786053180473,0.7933535928526502,0.06034011846923265
10,8,LMM-1,4,9.625,1.7897276329095442,9.693749999999982,1.7002412512640641,0.7753296381446158,0.05522894730101821
10,8,LMM-2,4,9.5625,1.840303983041932,9.634374999999983,1.7482887838898329,0.7767064679832992,0.0571447750242696
11,2,LMM-1,4,9.125,1.243734296383275,9.218750000000004,1.1815475815641134,0.8498716972246416,0.03988758945179775
11,2,LMM-2,4,9.125,1.243734296383275,9.218750000000004,1.1815475815641134,0.8498333378227771,0.03985486684064219
11,4,LMM-1,4,9.125,1.243734296383275,9.218749999999991,1.1815475815641103,0.8241388703980553,0.048204154063915414
11,4,LMM-2,4,8.75,1.590990257669732,8.86249999999999,1.5114407447862441,0.8325855207669389,0.05530864751236541
11,6,LMM-1,4,9.3125,1.5347536447260843,9.396874999999978,1.458015962489778,0.8081462616631195,0.041504844419198134
11,6,LMM-2,4,9.145833333333334,1.6836375550179041,9.238541666666645,1.5994556772670063,0.8163507741409741,0.048737054091610554
11,8,LMM-1,4,9.3125,1.5347536447260843,9.396874999999984,1.4580159624897786,0.7924417692629099,0.047078729292275315
11,8,LMM-2,4,9.1875,1.6524130083002857,9.278124999999983,1.5697923578852693,0.7962582945671338,0.0501822125756249
12,2,LMM-1,4,9.75,1.25,9.812500000000005,1.1875000000000022,0.8371727813231835,0.02739547122200578
12,2,LMM-2,4,9.0,2.4238399287081647,9.100000000000005,2.3026479322727584,0.8511439756348436,0.04803201630085332
12,4,LMM-1,4,9.75,1.25,9.81249999999999,1.1874999999999984,0.8150364289085261,0.02423451269756645
12,4,LMM-2,4,9.03125,2.3723257970818428,9.12968749999999,2.253709507227748,0.8340417315464997,0.05262695708432648
12,6,LMM-1,4,9.75,1.25,9.812499999999979,1.187499999999998,0.793462126557053,0.021539293359393915
12,6,LMM-2,4,8.895833333333334,2.5963215164279374,9.001041666666646,2.466505440606536,0.8200372065912305,0.061817920598575125
12,8,LMM-1,4,9.75,1.25,9.812499999999982,1.1874999999999987,0.7724365655727412,0.019390907715511826
12,8,LMM-2,4,8.8125,2.7350445608801333,8.921874999999984,2.598292332836122,0.8055907930204863,0.06974199264875994
13,2,LMM-1,4,9.3125,1.1642460006373223,9.396875000000005,1.106033700605457,0.8359605064582271,0.033987711783927295
13,2,LMM-2,4,8.5625,1.898807191370414,8.684375000000005,1.803866831801895,0.8553275736280275,0.0513551088065131
13,4,LMM-1,4,9.3125,1.1642460006373223,9.39687499999999,1.1060337006054552,0.8092751431164247,0.033541898628383554
13,4,LMM-2,4,8.4375,2.018469407744393,8.565624999999992,1.9175459373571713,0.8431338062952867,0.06204742729776556
13,6,LMM-1,4,9.3125,1.1642460006373223,9.39687499999998,1.1060337006054546,0.7902973935490659,0.04087953573998032
13,6,LMM-2,4,8.208333333333334,2.2672946434021317,8.347916666666649,2.1539299112320207,0.8329873987359538,0.0743492600935272
13,8,LMM-1,4,9.5,1.1858541225631423,9.574999999999982,1.1265614164349833,0.7806179978469882,0.03531259202879984
13,8,LMM-2,4,7.90625,2.7519524319108424,8.060937499999985,2.614354810315296,0.8338172780583316,0.0821917569772122
14,2,LMM-1,4,10.5,0.0,10.525000000000006,0.0,0.8096583726001352,0.012670095704406133
14,2,LMM-2,4,10.5,0.0,10.525000000000006,0.0,0.8096583726001352,0.012670095704406133
14,4,LMM-1,4,10.5,0.0,10.524999999999988,0.0,0.7718139933376025,0.012785312246404133
14,4,LMM-2,4,10.5,0.0,10.524999999999988,0.0,0.7718139933376025,0.012785312246404133
14,6,LMM-1,4,10.4375,0.3247595264191645,10.465624999999976,0.30852155009820564,0.7705637821473225,0.01767652360895587
14,6,LMM-2,4,10.4375,0.3247595264191645,10.465624999999976,0.30852155009820564,0.7705637821473225,0.01767652360895587
14,8,LMM-1,4,10.4375,0.3247595264191645,10.465624999999982,0.30852155009820564,0.7474518465055013,0.017993655283937097
14,8,LMM-2,4,10.4375,0.3247595264191645,10.465624999999982,0.30852155009820564,0.7474518465055013,0.017993655283937097
15,2,LMM-1,4,9.8125,0.8904879280484379,9.871875000000006,0.845963531646017,0.8277883466290817,0.027996871682926947
15,2,LMM-2,4,9.8125,0.8904879280484379,9.871875000000006,0.845963531646017,0.8277883466290817,0.027996871682926947
15,4,LMM-1,4,9.625,0.8003905296791061,9.69374999999999,0.7603710031951499,0.8072802187686096,0.018321971160117554
15,4,LMM-2,4,9.5625,0.7979465834252315,9.63437499999999,0.7580492542539691,0.8089305665972396,0.018629148040012714
15,6,LMM-1,4,9.625,0.8003905296791061,9.693749999999978,0.7603710031951487,0.7810941624092275,0.01600159655501005
15,6,LMM-2,4,9.479166666666666,0.8172935519138763,9.555208333333312,0.7764288743181802,0.78542594903691,0.020095398838743183
15,8,LMM-1,4,9.625,0.8003905296791061,9.693749999999982,0.7603710031951499,0.7557850828845966,0.01667141344653387
15,8,LMM-2,4,9.375,0.875,9.456249999999983,0.8312499999999988,0.7632920910855809,0.027254354985870116
16,2,LMM-1,4,11.0,1.8027756377319946,11.000000000000007,1.712636855845397,0.8106615734307376,0.03253557675685148
16,2,LMM-2,4,10.625,2.3551804601770967,10.643750000000006,2.237421437168244,0.8194843038157313,0.046339271939463175
16,4,LMM-1,4,11.0,1.8027756377319946,10.999999999999988,1.712636855845393,0.7784546646082452,0.03571747651810286
16,4,LMM-2,4,10.3125,2.8470104934825935,10.346874999999988,2.7046599688084605,0.7958003147882496,0.06424108274133765
16,6,LMM-1,4,11.0,1.8027756377319946,10.999999999999975,1.712636855845391,0.7475322430025159,0.039264034282379165
16,6,LMM-2,4,10.583333333333334,2.419538523492996,10.604166666666643,2.2985615973183404,0.7647280321914977,0.0678542425572956
16,8,LMM-1,4,10.8125,1.8822775432969496,10.82187499999998,1.7881636661320994,0.740845486264755,0.03999013222709301
16,8,LMM-2,4,10.328125,2.546970857091812,10.361718749999982,2.4196223142372175,0.7635262599981535,0.07255021046760281
17,2,LMM-1,4,11.0,0.0,11.000000000000007,0.0,0.8148214001348006,0.013690163687623049
17,2,LMM-2,4,10.6875,0.5412658773652742,10.703125000000007,0.5142025834970104,0.8220427549120499,0.0212459395531617
17,4,LMM-1,4,11.0625,0.10825317547305482,11.059374999999989,0.10284051669940163,0.783732248131817,0.009731935120281589
17,4,LMM-2,4,10.125,1.0968705484240153,10.16874999999999,1.0420270210028133,0.8132956818751276,0.03817197437881766
17,6,LMM-1,4,11.0,0.3535533905932738,10.999999999999975,0.3358757210636098,0.7667453483108787,0.015944294232184773
17,6,LMM-2,4,10.104166666666668,1.3659741639821257,10.148958333333312,1.2976754557830157,0.7986280710776559,0.05006014676864324
17,8,LMM-1,4,10.875,0.5448623679425842,10.88124999999998,0.5176192495454539,0.7498536193739006,0.03252909735697743
17,8,LMM-2,4,10.0625,1.3506364240608943,10.109374999999982,1.2831046028578474,0.7773587937781801,0.05934805016059747
18,2,LMM-1,4,9.4375,1.3506364240608943,9.515625000000005,1.2831046028578512,0.8428326367348542,0.032639777243492374
18,2,LMM-2,4,9.4375,1.3506364240608943,9.515625000000005,1.2831046028578512,0.8428219961437539,0.03263282877253563
18,4,LMM-1,4,9.4375,1.3506364240608943,9.51562499999999,1.283104602857849,0.8201892932443549,0.03272710872089358
18,4,LMM-2,4,9.28125,1.4800100295268273,9.36718749999999,1.4060095280504847,0.8247358281004139,0.036679692314215986
18,6,LMM-1,4,9.4375,1.3506364240608943,9.515624999999979,1.2831046028578468,0.7981255674124909,0.033187821767517146
18,6,LMM-2,4,9.270833333333334,1.4899839204948935,9.357291666666645,1.4154847244701456,0.8059527171033275,0.04099117819045282
18,8,LMM-1,4,9.375,1.3975424859373686,9.456249999999983,1.3276653616404985,0.7826485878994754,0.039828035223314295
18,8,LMM-2,4,9.25,1.5103807466993215,9.337499999999984,1.4348617093643539,0.7864550850141049,0.04441558635627134
19,2,LMM-1,4,13.5,0.0,13.375000000000009,0.0,0.7818449113788973,0.0
19,2,LMM-2,4,13.5,0.0,13.375000000000009,0.0,0.7818449113788973,0.0
19,4,LMM-1,4,13.5,0.0,13.374999999999984,0.0,0.7342760198888295,0.0
19,4,LMM-2,4,13.5,0.0,13.374999999999984,0.0,0.7342760198888295,0.0
19,6,LMM-1,4,13.5,0.0,13.37499999999997,0.0,0.6895066741645266,0.0
19,6,LMM-2,4,13.5,0.0,13.37499999999997,0.0,0.6895066741645266,0.0
19,8,LMM-1,4,13.0,0.8660254037844386,12.899999999999977,0.8227241335952153,0.6689242538422964,0.03731833358505547
19,8,LMM-2,4,13.0,0.8660254037844386,12.899999999999977,0.8227241335952153,0.6689242538422964,0.03731833358505547
20,2,LMM-1,4,8.375,1.5562374497485916,8.506250000000005,1.4784255772611634,0.8557809219214098,0.02892924522785479
20,2,LMM-2,4,7.625,1.2930100540985752,7.793750000000005,1.2283595513936474,0.8760428635198158,0.027095311416588
20,4,LMM-1,4,8.375,1.5562374497485916,8.50624999999999,1.478425577261161,0.8317569487865465,0.0300430681080636
20,4,LMM-2,4,7.25,1.3110110602126894,7.437499999999993,1.2454605072020537,0.870479527797435,0.03865168410900291
20,6,LMM-1,4,8.5,1.6583123951777,8.624999999999982,1.5753967754188118,0.8182420913267288,0.037355432816545735
20,6,LMM-2,4,7.520833333333334,1.486484247029435,7.694791666666649,1.4121600346779604,0.858146791566074,0.04358982484038828
20,8,LMM-1,4,8.8125,1.4072912811497127,8.921874999999984,1.3369267170922252,0.8076079749936785,0.04369069980301307
20,8,LMM-2,4,7.125,1.4306903927824497,7.318749999999986,1.359155873143325,0.8616518466486314,0.04346799931460998
21,2,LMM-1,4,8.75,1.6007810593582121,8.862500000000004,1.5207420063903032,0.8389570348785046,0.033284229346254794
21,2,LMM-2,4,8.75,1.6007810593582121,8.862500000000004,1.5207420063903032,0.8389570348785046,0.033284229346254794
21,4,LMM-1,4,8.75,1.6007810593582121,8.86249999999999,1.5207420063902999,0.815675918839183,0.03410588929809668
21,4,LMM-2,4,8.75,1.6007810593582121,8.86249999999999,1.5207420063902999,0.815675918839183,0.03410588929809668
21,6,LMM-1,4,8.75,1.6007810593582121,8.862499999999981,1.520742006390299,0.7929887031999892,0.03486244386015322
21,6,LMM-2,4,8.75,1.6007810593582121,8.862499999999981,1.520742006390299,0.7929887031999892,0.03486244386015322
21,8,LMM-1,4,8.875,1.4842927608797396,8.981249999999983,1.4100781228357504,0.786994041932177,0.03853781798201679
21,8,LMM-2,4,8.875,1.4842927608797396,8.981249999999983,1.4100781228357504,0.786994041932177,0.03853781798201679
22,2,LMM-1,4,8.75,1.0897247358851685,8.862500000000004,1.0352384990909111,0.8442822722398726,0.032474418986358645
22,2,LMM-2,4,8.375,1.192424001771182,8.506250000000005,1.1328028016826241,0.8504194106248884,0.03888026019424205
22,4,LMM-1,4,8.75,1.0897247358851685,8.86249999999999,1.0352384990909091,0.8158538792545577,0.038208244645998694
22,4,LMM-2,4,8.0,1.5811388300841898,8.149999999999991,1.5020818885799785,0.8302642733717058,0.05569820651938202
22,6,LMM-1,4,8.75,1.0897247358851685,8.862499999999981,1.0352384990909076,0.7883558099417689,0.043585984479647955
22,6,LMM-2,4,7.75,1.920286436967152,7.912499999999983,1.8242721151187904,0.8098490614468016,0.07143192270527611
22,8,LMM-1,4,8.75,1.0897247358851685,8.862499999999983,1.035238499090908,0.761890985905026,0.04849027388560988
22,8,LMM-2,4,7.671875,2.03359239939448,7.838281249999985,1.931912779424753,0.7885404787891719,0.08409815525239106
23,2,LMM-1,4,11.375,0.649519052838329,11.356250000000006,0.6170431001964128,0.8028788245301877,0.020102430551058464
23,2,LMM-2,4,11.375,0.649519052838329,11.356250000000006,0.6170431001964128,0.8028788245301877,0.020102430551058464
23,4,LMM-1,4,11.4375,0.6218671481916375,11.415624999999988,0.5907737907820543,0.7697094065073313,0.02105264479489542
23,4,LMM-2,4,11.4375,0.6218671481916375,11.415624999999988,0.5907737907820543,0.7697094065073313,0.02105264479489542
23,6,LMM-1,4,11.4375,0.6218671481916375,11.415624999999975,0.5907737907820548,0.7479344556066014,0.030347423106864616
23,6,LMM-2,4,11.4375,0.6218671481916375,11.415624999999975,0.5907737907820548,0.7479344556066014,0.030347423106864616
23,8,LMM-1,4,11.375,0.649519052838329,11.35624999999998,0.6170431001964121,0.7265130328805596,0.039581004625445226
23,8,LMM-2,4,11.375,0.649519052838329,11.35624999999998,0.6170431001964121,0.7265130328805596,0.039581004625445226
24,2,LMM-1,4,11.25,1.25,11.237500000000008,1.1875,0.8090894017669075,0.03325182772946998
24,2,LMM-2,4,11.25,1.25,11.237500000000008,1.1875,0.8090894017669075,0.03325182772946998
24,4,LMM-1,4,11.25,1.25,11.237499999999988,1.1874999999999982,0.7774590320919638,0.03122687456623405
24,4,LMM-2,4,11.25,1.25,11.237499999999988,1.1874999999999982,0.7774590320919638,0.03122687456623405
24,6,LMM-1,4,11.5625,1.0364452469860626,11.534374999999976,0.9846229846367572,0.7495375933720398,0.031261767395079985
24,6,LMM-2,4,11.5625,1.0364452469860626,11.534374999999976,0.9846229846367572,0.7495375933720398,0.031261767395079985
24,8,LMM-1,4,11.6875,1.1642460006373223,11.65312499999998,1.1060337006054541,0.7258208797412188,0.028352995751602664
24,8,LMM-2,4,11.6875,1.1642460006373223,11.65312499999998,1.1060337006054541,0.7258208797412188,0.028352995751602664
25,2,LMM-1,4,8.25,1.25,8.387500000000003,1.1875000000000004,0.8662285558205962,0.02758286992607719
25,2,LMM-2,4,7.875,1.4737282653189494,8.031250000000004,1.4000418520530025,0.8730236811947829,0.032861997864474114
25,4,LMM-1,4,8.25,1.25,8.38749999999999,1.1874999999999991,0.8468628435101776,0.03237738978489534
25,4,LMM-2,4,7.90625,1.450686798554395,8.06093749999999,1.3781524586266738,0.8552134956076176,0.038812203385871956
25,6,LMM-1,4,8.25,1.25,8.387499999999982,1.1874999999999976,0.8279272790124564,0.036983232117011676
25,6,LMM-2,4,7.895833333333334,1.4688608114226933,8.051041666666649,1.3954177708515554,0.8409991054551793,0.04757658555427267
25,8,LMM-1,4,8.4375,1.0058423087144426,8.565624999999985,0.9555501932787192,0.810166391170682,0.04223125588299505
25,8,LMM-2,4,7.703125,1.6366022109465086,7.867968749999986,1.5547721003991808,0.8303082723371585,0.05894389074707653
26,2,LMM-1,4,10.8125,3.1293719417800117,10.821875000000007,2.9729033446910145,0.7832557964645452,0.07290826599984514
26,2,LMM-2,4,10.8125,3.1293719417800117,10.821875000000007,2.9729033446910145,0.7832557964645452,0.07290826599984514
26,4,LMM-1,4,10.8125,3.1293719417800117,10.821874999999988,2.972903344691007,0.7530259119996165,0.08362013071839385
26,4,LMM-2,4,10.8125,3.1293719417800117,10.821874999999988,2.972903344691007,0.7530259119996165,0.08362013071839385
26,6,LMM-1,4,10.75,3.0362394503727796,10.762499999999976,2.884427477854134,0.7350233543711022,0.07931277552912397
26,6,LMM-2,4,10.75,3.0362394503727796,10.762499999999976,2.884427477854134,0.7350233543711022,0.07931277552912397
26,8,LMM-1,4,11.3125,3.1739909813986555,11.29687499999998,3.0152914323287177,0.7193993327172207,0.07583226319019211
26,8,LMM-2,4,11.3125,3.1739909813986555,11.29687499999998,3.0152914323287177,0.7193993327172207,0.07583226319019211
27,2,LMM-1,4,9.0,0.0,9.100000000000005,0.0,0.844734596695144,0.008018578139090092
27,2,LMM-2,4,8.375,0.649519052838329,8.506250000000005,0.6170431001964126,0.8595507469775654,0.022973938798138187
27,4,LMM-1,4,9.1875,0.3247595264191645,9.27812499999999,0.30852155009820564,0.8159503039835487,0.003241209381834691
27,4,LMM-2,4,8.125,1.3050383136138188,8.268749999999992,1.2397863979331267,0.8503718520615002,0.037807856112133276
27,6,LMM-1,4,9.1875,0.2072890493972125,9.27812499999998,0.19692459692735098,0.8073151214767507,0.00916002720917376
27,6,LMM-2,4,7.854166666666666,1.4220180788817938,8.011458333333316,1.3509171749377005,0.8466787091924431,0.04404713740206267
27,8,LMM-1,4,8.8125,0.369754986443726,8.921874999999984,0.3512672371215388,0.805139265564051,0.021935061278304992
27,8,LMM-2,4,7.90625,1.3217678739097876,8.060937499999985,1.255679480214296,0.8329623373282514,0.04746635553101434
28,2,LMM-1,4,10.875,2.381569860407206,10.881250000000007,2.2624913673868483,0.8018357867881122,0.05737462329589614
28,2,LMM-2,4,10.25,2.7894892005526746,10.287500000000005,2.6500147405250445,0.8188071791006895,0.06945021939486717
28,4,LMM-1,4,10.875,2.381569860407206,10.881249999999987,2.262491367386843,0.7679220416160504,0.06556834097497523
28,4,LMM-2,4,10.3125,2.7464465678399788,10.346874999999988,2.609124239447977,0.7966540166598987,0.0855473957673428
28,6,LMM-1,4,10.625,2.0953818267800264,10.643749999999976,1.9906127354410206,0.7575611594507979,0.05540394453727357
28,6,LMM-2,4,10.041666666666668,2.4864214579726154,10.08958333333331,2.3621003850739792,0.7892385125563282,0.07783253332034669
28,8,LMM-1,4,10.625,2.0953818267800264,10.643749999999981,1.990612735441023,0.7412970213376576,0.062194843620324264
28,8,LMM-2,4,10.09375,2.4484928399936154,10.139062499999982,2.3260681979939317,0.7704353895697538,0.0847359128229945
29,2,LMM-1,4,10.5625,0.44633927678392815,10.584375000000007,0.4240223129447324,0.8196882332207467,0.014339350168091233
29,2,LMM-2,4,9.6875,1.6141464462681197,9.753125000000006,1.5334391239547152,0.8356600270751814,0.03758832218798548
29,4,LMM-1,4,10.5625,0.44633927678392815,10.584374999999989,0.4240223129447311,0.7927092149574969,0.008221612679762905
29,4,LMM-2,4,10.03125,1.0546585644178879,10.07968749999999,1.0019256361969926,0.8092167018830159,0.0332541432717409
29,6,LMM-1,4,10.5625,0.44633927678392815,10.584374999999977,0.42402231294473036,0.7666288693269985,0.005761263207165035
29,6,LMM-2,4,10.0,1.103970108290981,10.049999999999978,1.0487716028764291,0.7897829410472014,0.04049610247474932
29,8,LMM-1,4,10.5,0.46770717334674267,10.52499999999998,0.44432181467940474,0.7513108784404938,0.01591274705339779
29,8,LMM-2,4,10.0,1.103970108290981,10.049999999999981,1.0487716028764298,0.7695187567887788,0.04579895307859948
30,2,LMM-1,4,9.75,0.9013878188659973,9.812500000000005,0.8563184279226985,0.8318227158929004,0.025793719083178793
30,2,LMM-2,4,9.75,0.9013878188659973,9.812500000000005,0.8563184279226985,0.8318227158929004,0.025793719083178793
30,4,LMM-1,4,9.75,0.9013878188659973,9.81249999999999,0.8563184279226974,0.8085759772842682,0.025610556875036564
30,4,LMM-2,4,9.75,0.9013878188659973,9.81249999999999,0.8563184279226974,0.8085759772842682,0.025610556875036564
30,6,LMM-1,4,9.75,0.9013878188659973,9.812499999999979,0.8563184279226962,0.7859622998490133,0.02617295019699188
30,6,LMM-2,4,9.75,0.9013878188659973,9.812499999999979,0.8563184279226962,0.7859622998490133,0.02617295019699188
30,8,LMM-1,4,9.75,0.9013878188659973,9.812499999999982,0.8563184279226962,0.763968872624741,0.027320251018364678
30,8,LMM-2,4,9.75,0.9013878188659973,9.812499999999982,0.8563184279226962,0.763968872624741,0.027320251018364678
31,2,LMM-1,4,10.0,2.03100960115899,10.050000000000006,1.9294591211010423,0.828589196186911,0.044740166607860524
31,2,LMM-2,4,10.0,2.03100960115899,10.050000000000006,1.9294591211010423,0.828589196186911,0.044740166607860524
31,4,LMM-1,4,10.0,2.03100960115899,10.04999999999999,1.9294591211010386,0.7987259849248385,0.04673387849091774
31,4,LMM-2,4,10.0,2.03100960115899,10.04999999999999,1.9294591211010386,0.7987259849248385,0.04673387849091774
31,6,LMM-1,4,10.0625,1.9395150811478625,10.109374999999979,1.8425393270904658,0.7814063507919511,0.05596272180176877
31,6,LMM-2,4,9.833333333333334,2.282177322938192,9.891666666666644,2.168068456791278,0.7864050170590889,0.06355148914242006
31,8,LMM-1,4,10.125,1.9724667297574374,10.168749999999982,1.873843393269563,0.7658812260644257,0.05507805157951956
31,8,LMM-2,4,9.9375,2.2526026613675123,9.990624999999982,2.1399725282991335,0.7697228770190128,0.060915982317799405
32,2,LMM-1,4,12.625,2.858649156507318,12.543750000000008,2.715716698681956,0.7811258540258315,0.045213523034124736
32,2,LMM-2,4,12.625,2.858649156507318,12.543750000000008,2.715716698681956,0.7811258540258315,0.045213523034124736
32,4,LMM-1,4,12.625,2.858649156507318,12.543749999999985,2.7157166986819483,0.7463933839882009,0.052833860318476464
32,4,LMM-2,4,12.625,2.858649156507318,12.543749999999985,2.7157166986819483,0.7463933839882009,0.052833860318476464
32,6,LMM-1,4,12.4375,1.8572072447629533,12.365624999999973,1.7643468825248014,0.7376243785816313,0.04844160131299409
32,6,LMM-2,4,12.416666666666668,1.856856662929766,12.345833333333307,1.7640138297832735,0.7381956961186333,0.04859125281361717
32,8,LMM-1,4,12.875,1.2930100540985752,12.781249999999979,1.2283595513936447,0.7083371979799287,0.05093436629881406
32,8,LMM-2,4,12.828125,1.3090542566582182,12.736718749999978,1.2436015438253056,0.7098011777375398,0.051548352728427164
33,2,LMM-1,4,12.5,1.8708286933869707,12.425000000000008,1.7772872587176236,0.7749727586973363,0.035613425309868045
33,2,LMM-2,4,12.5,1.8708286933869707,12.425000000000008,1.7772872587176236,0.7749727586973363,0.035613425309868045
33,4,LMM-1,4,12.5,1.8708286933869707,12.424999999999986,1.7772872587176192,0.7344072970013875,0.0415252912689475
33,4,LMM-2,4,12.5,1.8708286933869707,12.424999999999986,1.7772872587176192,0.7344072970013875,0.0415252912689475
33,6,LMM-1,4,12.5,1.8708286933869707,12.424999999999972,1.7772872587176185,0.6959415735054492,0.046774345680083526
33,6,LMM-2,4,12.5,1.8708286933869707,12.424999999999972,1.7772872587176185,0.6959415735054492,0.046774345680083526
33,8,LMM-1,4,12.5625,1.7710784144130942,12.484374999999979,1.6825244936924375,0.6664144876329281,0.06262116107224847
33,8,LMM-2,4,12.5625,1.7710784144130942,12.484374999999979,1.6825244936924375,0.6664144876329281,0.06262116107224847
34,2,LMM-1,4,10.6875,0.9249155366842964,10.703125000000007,0.8786697598500817,0.8212199817189001,0.024708468875149388
34,2,LMM-2,4,10.3125,1.1370878374162658,10.346875000000008,1.0802334455454528,0.8268286646175653,0.029659076405168527
34,4,LMM-1,4,10.6875,0.9249155366842964,10.70312499999999,0.8786697598500798,0.7939763631252141,0.027184989468581167
34,4,LMM-2,4,10.0,1.3891319231808044,10.04999999999999,1.319675327021762,0.8078240676989307,0.04113601969107094
34,6,LMM-1,4,10.8125,0.854674645698584,10.821874999999977,0.8119409134136538,0.7732614922524991,0.0278781384601753
34,6,LMM-2,4,9.375,1.8394783378870097,9.45624999999998,1.7475044209926556,0.805896892952215,0.052380224783374695
34,8,LMM-1,4,10.8125,0.854674645698584,10.82187499999998,0.8119409134136534,0.7502220748326932,0.029341756915067338
34,8,LMM-2,4,8.921875,2.3223502205470647,9.025781249999984,2.206232709519707,0.7962160360688324,0.06821802551056103
35,2,LMM-1,4,11.1875,1.8822775432969496,11.178125000000007,1.7881636661321045,0.8089545888473243,0.03589565435768155
35,2,LMM-2,4,10.8125,2.1167117777345124,10.821875000000006,2.0108761888477895,0.8205876277976777,0.044388738907429566
35,4,LMM-1,4,11.3125,1.708206296089556,11.296874999999988,1.622795981285076,0.7768500574034028,0.047232248232162995
35,4,LMM-2,4,11.0,1.928406077567689,10.99999999999999,1.831985773689302,0.7935255175961015,0.05664354758290747
35,6,LMM-1,4,11.375,1.625,11.356249999999976,1.5437499999999973,0.756575368204779,0.060847943245886923
35,6,LMM-2,4,11.041666666666668,1.8860783829593788,11.03958333333331,1.7917744638114075,0.7715430282754002,0.0717655567257774
35,8,LMM-1,4,11.3125,1.6618419750385414,11.29687499999998,1.5787498762866128,0.7352456399652058,0.0731045938691956
35,8,LMM-2,4,11.0625,1.8656014445749125,11.059374999999982,1.7723213723461653,0.7434851490597559,0.0794311606863033
36,2,LMM-1,4,9.1875,1.84877493221863,9.278125000000006,1.7563361856076996,0.8407440918806763,0.03677941299139883
36,2,LMM-2,4,8.625,1.6723860200324565,8.743750000000006,1.5887667190308346,0.8506351433193244,0.03654816641718967
36,4,LMM-1,4,9.1875,1.84877493221863,9.27812499999999,1.7563361856076967,0.8163500276559768,0.03818769967807997
36,4,LMM-2,4,8.8125,1.6898132293244719,8.921874999999991,1.6053225678582466,0.8260456382302744,0.036801226990781186
36,6,LMM-1,4,9.1875,1.84877493221863,9.27812499999998,1.7563361856076953,0.7926497829147541,0.03971474565832692
36,6,LMM-2,4,8.8125,1.6898132293244719,8.92187499999998,1.6053225678582452,0.8046694927641862,0.0376767002771861
36,8,LMM-1,4,9.0,1.590990257669732,9.099999999999984,1.5114407447862432,0.7867347573928305,0.04898757804613337
36,8,LMM-2,4,8.296875,1.886099956756004,8.432031249999985,1.7917949589182007,0.8080586391710709,0.05839238847570925
37,2,LMM-1,4,8.5625,0.9742785792574935,8.684375000000005,0.9255646502946201,0.8492384019229734,0.029859563404206972
37,2,LMM-2,4,7.6875,1.9151941807555704,7.853125000000005,1.8194344717177935,0.8695413137249955,0.04758083409877279
37,4,LMM-1,4,8.5625,0.9742785792574935,8.68437499999999,0.9255646502946184,0.8292530203469815,0.03719690186614403
37,4,LMM-2,4,7.71875,1.846396405840306,7.882812499999992,1.754076585548289,0.8510889612722954,0.056849191592051825
37,6,LMM-1,4,8.6875,0.9249155366842964,8.803124999999982,0.8786697598500801,0.8104016166958767,0.04478641648656063
37,6,LMM-2,4,7.916666666666666,1.5844294451526288,8.070833333333315,1.5052079728949945,0.8309127829501467,0.0633766333987007
37,8,LMM-1,4,8.875,1.125,8.981249999999983,1.0687499999999983,0.8109947352037569,0.03395045573281703
37,8,LMM-2,4,7.984375,1.9153853846876352,8.135156249999985,1.81961611545325,0.8360695652240286,0.05610411494333099
38,2,LMM-1,4,9.0,1.5,9.100000000000005,1.4250000000000012,0.8454786130605274,0.03791041137651708
38,2,LMM-2,4,7.8125,2.780372052441903,7.937500000000005,2.697828988279281,0.8669382612238768,0.06173668658352985
38,4,LMM-1,4,9.0,1.5,9.09999999999999,1.4249999999999985,0.8152736716688107,0.04432083043392688
38,4,LMM-2,4,7.75,2.883140648667699,7.878124999999992,2.7956771177793374,0.843582462143526,0.07651177571397713
38,6,LMM-1,4,9.1875,1.6141464462681197,9.27812499999998,1.5334391239547103,0.8012253453154617,0.03655031033421705
38,6,LMM-2,4,7.895833333333333,2.5429470818542628,8.01666666666665,2.469721152163624,0.8399034380282784,0.07097188231161747
38,8,LMM-1,4,9.25,1.6770509831248424,9.337499999999983,1.5931984339685976,0.7892522050753281,0.027683818540237996
38,8,LMM-2,4,8.125,2.7012728481217887,8.234374999999986,2.6188525487081127,0.8356412471057657,0.07245221370388005
39,2,LMM-1,4,9.375,1.5562374497485916,9.456250000000004,1.4784255772611634,0.8329938026671383,0.03582355573164822
39,2,LMM-2,4,8.5625,2.1964104238506974,8.684375000000005,2.0865899026581642,0.8520310192470835,0.052370035386119486
39,4,LMM-1,4,9.375,1.5562374497485916,9.45624999999999,1.478425577261161,0.8069981412387328,0.03760452770051393
39,4,LMM-2,4,8.5625,2.201739369226067,8.684374999999992,2.0916524007647617,0.8349877947244391,0.06378331877724042
39,6,LMM-1,4,9.375,1.5562374497485916,9.45624999999998,1.478425577261159,0.7817846108385158,0.039725485912336475
39,6,LMM-2,4,8.395833333333334,2.360978345940513,8.526041666666648,2.242929428643483,0.8206597245382927,0.07716713648072493
39,8,LMM-1,4,9.625,1.6441183047457382,9.693749999999984,1.5619123895084488,0.7832696086331734,0.03438402161335533
39,8,LMM-2,4,8.5,2.6398390102428593,8.624999999999984,2.5078470597307128,0.8228347898205242,0.06813990995664351
40,2,LMM-1,4,13.0,1.4142135623730951,12.90000000000001,1.3435028842544419,0.7573826903700343,0.02577627981132934
40,2,LMM-2,4,13.0,1.4142135623730951,12.90000000000001,1.3435028842544419,0.7573826903700343,0.02577627981132934
40,4,LMM-1,4,13.0,1.4142135623730951,12.899999999999986,1.3435028842544374,0.7127929151098432,0.028393499219165504
40,4,LMM-2,4,13.0,1.4142135623730951,12.899999999999986,1.3435028842544374,0.7127929151098432,0.028393499219165504
40,6,LMM-1,4,13.0,1.4142135623730951,12.899999999999972,1.3435028842544368,0.6707371244465619,0.030646334004419924
40,6,LMM-2,4,13.0,1.4142135623730951,12.899999999999972,1.3435028842544368,0.6707371244465619,0.030646334004419924
40,8,LMM-1,4,13.0,1.4142135623730951,12.899999999999977,1.3435028842544388,0.6310774624626325,0.03255768922785038
40,8,LMM-2,4,13.0,1.4142135623730951,12.899999999999977,1.3435028842544388,0.6310774624626325,0.03255768922785038
41,2,LMM-1,4,10.125,2.225561726845607,10.168750000000006,2.1142836405033285,0.8257352311138907,0.043995975072287107
41,2,LMM-2,4,10.125,2.225561726845607,10.168750000000006,2.1142836405033285,0.8257352311138907,0.043995975072287107
41,4,LMM-1,4,10.125,2.225561726845607,10.168749999999989,2.114283640503324,0.79602954178659,0.04444065054945418
41,4,LMM-2,4,10.125,2.225561726845607,10.168749999999989,2.114283640503324,0.79602954178659,0.04444065054945418
41,6,LMM-1,4,10.125,2.225561726845607,10.168749999999978,2.114283640503322,0.7673268432570832,0.04478729945736307
41,6,LMM-2,4,10.125,2.225561726845607,10.168749999999978,2.114283640503322,0.7673268432570832,0.04478729945736307
41,8,LMM-1,4,10.5,1.8791620472966135,10.52499999999998,1.7852039449317805,0.7638257356156264,0.05880936684417136
41,8,LMM-2,4,10.21875,2.04705390439529,10.257812499999982,1.9447012091755225,0.7668282823397583,0.05836229445638481
42,2,LMM-1,4,9.75,1.8874586088176875,9.812500000000005,1.7930856783768052,0.8324774924762912,0.03710407101289845
42,2,LMM-2,4,8.375,2.6780356607035687,8.506250000000005,2.5441338776683926,0.8618436541506185,0.053591581396357876
42,4,LMM-1,4,9.75,1.8874586088176875,9.81249999999999,1.793085678376801,0.8061954808896317,0.03518408338226359
42,4,LMM-2,4,9.5,1.758905909933786,9.574999999999989,1.670960614437095,0.8286762936241675,0.04496205140699393
42,6,LMM-1,4,9.75,1.8874586088176875,9.812499999999979,1.7930856783767988,0.7807046977104056,0.03328068477641569
42,6,LMM-2,4,9.5,1.758905909933786,9.574999999999978,1.670960614437093,0.8108198888027224,0.04816900370559456
42,8,LMM-1,4,9.75,1.8874586088176875,9.812499999999982,1.793085678376801,0.755982662294897,0.031396471235547806
42,8,LMM-2,4,9.6875,1.7354304221143526,9.753124999999983,1.6486589010086325,0.7918588686057076,0.05117077179135782
43,2,LMM-1,4,9.75,1.8874586088176875,9.812500000000007,1.7930856783768052,0.8207318553960581,0.04114397911529593
43,2,LMM-2,4,9.375,2.45903944661325,9.456250000000006,2.33608747428259,0.8297799772430505,0.05533894126103213
43,4,LMM-1,4,9.625,2.072890493972125,9.69374999999999,1.969245969273517,0.7927789623017798,0.05499597116732465
43,4,LMM-2,4,9.34375,2.4643948927677966,9.42656249999999,2.3411751481294045,0.8078531948593296,0.06984103602050121
43,6,LMM-1,4,10.0625,2.1018964651000296,10.109374999999979,1.9968016418450238,0.7976962700708984,0.04881203159673556
43,6,LMM-2,4,9.75,2.6040833319999575,9.812499999999979,2.473879165399954,0.8055734823544645,0.06152492846132077
43,8,LMM-1,4,10.0625,2.1018964651000296,10.109374999999982,1.9968016418450258,0.781512960471422,0.05202928245969612
43,8,LMM-2,4,9.75,2.6040833319999575,9.812499999999982,2.473879165399956,0.790632188243089,0.06674040367844634
44,2,LMM-1,4,9.9375,1.27934309315367,9.990625000000005,1.215375938495988,0.8259600442953163,0.01860136149015507
44,2,LMM-2,4,9.8125,1.109264959331178,9.871875000000005,1.05380171136462,0.8288211337989528,0.016687562416318233
44,4,LMM-1,4,9.9375,1.27934309315367,9.990624999999989,1.2153759384959857,0.8036652542550551,0.0217825292967853
44,4,LMM-2,4,9.71875,0.8855392072065471,9.78281249999999,0.8412622468462196,0.8131242516578266,0.017369497339067046
44,6,LMM-1,4,9.8125,1.3849074878850212,9.871874999999978,1.3156621134907676,0.7922998895886837,0.03589602904178946
44,6,LMM-2,4,9.25,1.2090515107122426,9.33749999999998,1.1485989351766281,0.8121764358862493,0.03255337601882398
44,8,LMM-1,4,9.6875,1.2167451458707366,9.753124999999983,1.1559078885771976,0.7821125376229303,0.03312021803733075
44,8,LMM-2,4,9.09375,1.1705200500205026,9.189062499999984,1.1119940475194758,0.7998383294504907,0.0368556894233961
45,2,LMM-1,4,10.5625,0.6218671481916375,10.584375000000005,0.5907737907820574,0.8199326972373797,0.02160140395330876
45,2,LMM-2,4,10.3125,0.9249155366842964,10.346875000000006,0.8786697598500829,0.8252677445001424,0.027433444752352723
45,4,LMM-1,4,10.5625,0.6218671481916375,10.584374999999989,0.5907737907820544,0.7895262990802144,0.022148388479031954
45,4,LMM-2,4,10.3125,0.9249155366842964,10.34687499999999,0.8786697598500802,0.8012056072477693,0.034492643884510635
45,6,LMM-1,4,10.5,0.6846531968814576,10.524999999999977,0.6504205370373835,0.7686270585330269,0.03018050470802416
45,6,LMM-2,4,10.1875,1.109264959331178,10.228124999999977,1.0538017113646165,0.7801402962921213,0.045133739156568306
45,8,LMM-1,4,10.5,0.6846531968814576,10.52499999999998,0.6504205370373838,0.7433324312615013,0.03373084944503487
45,8,LMM-2,4,10.375,0.8385254915624212,10.406249999999982,0.7965992169842997,0.7537477521958631,0.04669132705382888
46,2,LMM-1,4,8.875,2.55868618630734,8.981250000000005,2.4307518769919754,0.8386595342782436,0.0660171982121184
46,2,LMM-2,4,8.6875,2.780372052441903,8.803125000000005,2.6413534498198104,0.8434388785598017,0.07124104173323434
46,4,LMM-1,4,8.875,2.55868618630734,8.98124999999999,2.43075187699197,0.8113474000791605,0.07582441423839895
46,4,LMM-2,4,8.6875,2.780372052441903,8.80312499999999,2.641353449819805,0.81965473202197,0.08503857697039294
46,6,LMM-1,4,8.875,2.55868618630734,8.98124999999998,2.430751876991968,0.7850360912529017,0.08480455793195096
46,6,LMM-2,4,8.8125,2.6302031765626017,8.92187499999998,2.498693017734466,0.794787340456907,0.09557283533498903
46,8,LMM-1,4,8.875,2.55868618630734,8.981249999999983,2.430751876991969,0.7598017756664178,0.09283288431663815
46,8,LMM-2,4,8.84375,2.594126478701453,8.951562499999984,2.464420154766376,0.771539984652477,0.10583429627440245
47,2,LMM-1,4,9.75,0.82915619758885,9.812500000000005,0.7876983877094084,0.8309882463931663,0.030944087603290822
47,2,LMM-2,4,9.625,0.960143218483576,9.693750000000005,0.9121360575593985,0.8337215418213768,0.03478691070685057
47,4,LMM-1,4,9.75,0.82915619758885,9.81249999999999,0.7876983877094069,0.803337308424726,0.036665690727096564
47,4,LMM-2,4,9.1875,1.574950396044269,9.27812499999999,1.4962028762420545,0.8127608089899707,0.05070223452310678
47,6,LMM-1,4,9.875,1.0231690964840563,9.931249999999979,0.972010641659852,0.7879146409296625,0.033338782391913076
47,6,LMM-2,4,9.3125,1.7264034146166416,9.39687499999998,1.6400832438858064,0.8017499625025163,0.05487978035502024
47,8,LMM-1,4,10.125,0.960143218483576,10.168749999999982,0.912136057559396,0.7726468534001232,0.035549861626686254
47,8,LMM-2,4,9.34375,1.788362990978062,9.426562499999983,1.6989448414291564,0.7921075752022187,0.05617913832125689
48,2,LMM-1,4,8.75,0.6846531968814576,8.862500000000004,0.6504205370373856,0.8514823041486769,0.01984380168293507
48,2,LMM-2,4,8.75,0.6846531968814576,8.862500000000004,0.6504205370373856,0.8514823041486769,0.01984380168293507
48,4,LMM-1,4,8.75,0.6846531968814576,8.86249999999999,0.6504205370373838,0.8352864597570114,0.020542236436439355
48,4,LMM-2,4,8.75,0.6846531968814576,8.86249999999999,0.6504205370373838,0.8352864597570114,0.020542236436439355
48,6,LMM-1,4,8.75,0.6846531968814576,8.862499999999981,0.6504205370373833,0.8193810546685969,0.021314252071577507
48,6,LMM-2,4,8.75,0.6846531968814576,8.862499999999981,0.6504205370373833,0.8193810546685969,0.021314252071577507
48,8,LMM-1,4,8.8125,0.7153451963912248,8.921874999999984,0.6795779365716624,0.8069832118515003,0.021276676951224947
48,8,LMM-2,4,8.8125,0.7153451963912248,8.921874999999984,0.6795779365716624,0.8069832118515003,0.021276676951224947
49,2,LMM-1,4,9.5625,1.27934309315367,9.634375000000006,1.2153759384959877,0.8335201280229019,0.029139255243063607
49,2,LMM-2,4,9.5625,1.27934309315367,9.634375000000006,1.2153759384959877,0.8335201280229019,0.029139255243063607
49,4,LMM-1,4,9.375,1.3287682265918312,9.45624999999999,1.2623298152622384,0.8127342593842126,0.03733617179534796
49,4,LMM-2,4,9.375,1.3287682265918312,9.45624999999999,1.2623298152622384,0.8127342593842126,0.03733617179534796
49,6,LMM-1,4,9.1875,1.203835017766139,9.27812499999998,1.1436432668778294,0.799592994608717,0.034130538220851846
49,6,LMM-2,4,9.1875,1.203835017766139,9.27812499999998,1.1436432668778294,0.799592994608717,0.034130538220851846
49,8,LMM-1,4,9.1875,1.203835017766139,9.278124999999983,1.1436432668778305,0.7792416833923662,0.03706947288010661
49,8,LMM-2,4,9.1875,1.203835017766139,9.278124999999983,1.1436432668778305,0.7792416833923662,0.03706947288010661
50,2,LMM-1,4,10.625,1.3863170633011772,10.643750000000008,1.3170012101361195,0.8236150986403002,0.022904127365218147
50,2,LMM-2,4,10.625,1.3863170633011772,10.643750000000008,1.3170012101361195,0.8236150986403002,0.022904127365218147
50,4,LMM-1,4,10.625,1.3863170633011772,10.643749999999988,1.3170012101361155,0.7899061192539467,0.026899330242629794
50,4,LMM-2,4,10.625,1.3863170633011772,10.643749999999988,1.3170012101361155,0.7899061192539467,0.026899330242629794
50,6,LMM-1,4,10.625,1.3863170633011772,10.643749999999978,1.3170012101361155,0.7649859772147165,0.027551118677920417
50,6,LMM-2,4,10.375,1.192424001771182,10.406249999999977,1.1328028016826204,0.7702849259446012,0.028825318599072027
50,8,LMM-1,4,10.625,1.3863170633011772,10.643749999999981,1.3170012101361168,0.7367317560485069,0.030401913924561694
50,8,LMM-2,4,10.359375,1.1845151632102477,10.391406249999982,1.1252894050497344,0.7427108696882231,0.032594573815060486
51,2,LMM-1,4,10.5,1.224744871391589,10.525000000000007,1.163507627822011,0.8282557992855651,0.04506605906443842
51,2,LMM-2,4,10.25,1.479019945774904,10.287500000000007,1.405068948486161,0.8330548748739164,0.050443227783571985
51,4,LMM-1,4,10.5,1.224744871391589,10.52499999999999,1.163507627822008,0.797339649475009,0.05404724765231028
51,4,LMM-2,4,10.25,1.479019945774904,10.287499999999989,1.4050689484861572,0.8044364287905921,0.06195067542031571
51,6,LMM-1,4,10.5,1.224744871391589,10.524999999999977,1.1635076278220073,0.7676640373267412,0.06235302048731213
51,6,LMM-2,4,10.083333333333334,1.6894279110594412,10.129166666666645,1.6049565155064653,0.7800180213976093,0.07649170938486453
51,8,LMM-1,4,10.5,1.224744871391589,12.191406249999982,4.002102337536762,0.6736164335007475,0.17857777220244006
51,8,LMM-2,4,9.96875,1.846396405840306,10.749218749999985,2.859419718741846,0.690418446550701,0.19287452971651467
52,2,LMM-1,4,10.1875,1.4072912811497127,10.228125000000006,1.3369267170922285,0.8259481511396334,0.030997680276097988
52,2,LMM-2,4,8.875,2.2946949688357274,8.981250000000005,2.179960220393943,0.8544011175484942,0.05368544010123352
52,4,LMM-1,4,10.1875,1.4072912811497127,10.22812499999999,1.3369267170922259,0.8006092679022745,0.03204217300989636
52,4,LMM-2,4,8.46875,2.3021304670891265,8.595312499999991,2.1870239437346686,0.8450027597680756,0.061786814005672576
52,6,LMM-1,4,10.1875,1.4072912811497127,10.228124999999977,1.336926717092224,0.7760403106135119,0.03330873796647958
52,6,LMM-2,4,8.291666666666666,2.3082731640774234,8.427083333333314,2.1928595058735474,0.8318703560377747,0.06915782369679843
52,8,LMM-1,4,10.1875,1.4072912811497127,10.228124999999983,1.3369267170922257,0.75223702791655,0.03472160565069124
52,8,LMM-2,4,8.6875,2.138742329033584,8.803124999999984,2.031805212581902,0.8112468483140829,0.07471038320623744
53,2,LMM-1,4,11.25,2.6575364531836625,11.237500000000006,2.5246596305244813,0.7999659652678206,0.06194906773811374
53,2,LMM-2,4,11.25,2.6575364531836625,11.237500000000006,2.5246596305244813,0.7999659652678206,0.06194906773811374
53,4,LMM-1,4,11.25,2.6575364531836625,11.237499999999986,2.5246596305244755,0.770944062699217,0.07093277116203899
53,4,LMM-2,4,11.25,2.6575364531836625,11.237499999999986,2.5246596305244755,0.770944062699217,0.07093277116203899
53,6,LMM-1,4,11.25,2.6575364531836625,11.237499999999974,2.5246596305244733,0.7430890214499684,0.07922045986227723
53,6,LMM-2,4,11.25,2.6575364531836625,11.237499999999974,2.5246596305244733,0.7430890214499684,0.07922045986227723
53,8,LMM-1,4,11.25,2.6575364531836625,11.23749999999998,2.5246596305244755,0.7164760366771499,0.08669627159771015
53,8,LMM-2,4,11.25,2.6575364531836625,11.23749999999998,2.5246596305244755,0.7164760366771499,0.08669627159771015
54,2,LMM-1,4,10.75,1.5206906325745548,10.762500000000006,1.4446561009458283,0.8014316647295918,0.037698079091112564
54,2,LMM-2,4,10.75,1.5206906325745548,10.762500000000006,1.4446561009458283,0.8014316647295918,0.037698079091112564
54,4,LMM-1,4,10.75,1.5206906325745548,10.762499999999989,1.4446561009458256,0.7652808139269165,0.04196045400741884
54,4,LMM-2,4,10.75,1.5206906325745548,10.762499999999989,1.4446561009458256,0.7652808139269165,0.04196045400741884
54,6,LMM-1,4,10.75,1.5206906325745548,10.762499999999978,1.4446561009458243,0.7307023493306357,0.045788403922971704
54,6,LMM-2,4,10.75,1.5206906325745548,10.762499999999978,1.4446561009458243,0.7307023493306357,0.045788403922971704
54,8,LMM-1,4,10.75,1.5206906325745548,10.762499999999982,1.4446561009458256,0.697633313774762,0.04919554592039853
54,8,LMM-2,4,10.75,1.5206906325745548,10.762499999999982,1.4446561009458256,0.697633313774762,0.04919554592039853
55,2,LMM-1,4,12.375,0.414578098794425,12.30625000000001,0.39384919385470346,0.7866654849578676,0.009843648031427437
55,2,LMM-2,4,12.375,0.414578098794425,12.30625000000001,0.39384919385470346,0.7866654849578676,0.009843648031427437
55,4,LMM-1,4,12.375,0.414578098794425,12.306249999999988,0.39384919385470196,0.748183812131241,0.011157640859359323
55,4,LMM-2,4,12.375,0.414578098794425,12.306249999999988,0.39384919385470196,0.748183812131241,0.011157640859359323
55,6,LMM-1,4,11.9375,0.7979465834252315,11.890624999999973,0.7580492542539679,0.7263901393518895,0.030141420459528754
55,6,LMM-2,4,11.9375,0.7979465834252315,11.890624999999973,0.7580492542539679,0.7263901393518895,0.030141420459528754
55,8,LMM-1,4,11.9375,0.7979465834252315,11.890624999999979,0.7580492542539691,0.6944789313464116,0.03619996846448671
55,8,LMM-2,4,11.9375,0.7979465834252315,11.890624999999979,0.7580492542539691,0.6944789313464116,0.03619996846448671
56,2,LMM-1,4,8.625,1.6723860200324565,8.743750000000004,1.5887667190308359,0.8471756263958494,0.03900668028315607
56,2,LMM-2,4,8.0,2.318404623873926,8.150000000000004,2.202484392680232,0.860212827802529,0.05494985796029938
56,4,LMM-1,4,8.625,1.6723860200324565,8.743749999999991,1.5887667190308326,0.8233580232595955,0.042351812304632204
56,4,LMM-2,4,8.0,2.318404623873926,8.149999999999991,2.2024843926802276,0.8397956344041653,0.06285628231333733
56,6,LMM-1,4,8.625,1.6723860200324565,8.74374999999998,1.5887667190308303,0.8001791285157033,0.04556851757701874
56,6,LMM-2,4,8.125,2.161452058223823,8.268749999999981,2.0533794553126268,0.8186804494994475,0.06873986317135798
56,8,LMM-1,4,8.8125,1.574950396044269,8.921874999999984,1.4962028762420536,0.7790040821058482,0.04946290382222798
56,8,LMM-2,4,8.15625,2.1238507921932746,8.298437499999984,2.0176582525836078,0.8059375369891071,0.0778622319994969
57,2,LMM-1,4,9.875,1.6345871038277526,9.931250000000006,1.5528577486363675,0.8346812977262603,0.04265642964042405
57,2,LMM-2,4,9.25,1.920286436967152,9.337500000000006,1.824272115118797,0.8460952512997637,0.052672894315525555
57,4,LMM-1,4,9.875,1.6345871038277526,9.93124999999999,1.5528577486363635,0.8041053736735461,0.05024452658026351
57,4,LMM-2,4,9.03125,2.1439868673804883,9.12968749999999,2.0367875240114617,0.8218664953227357,0.06699993162488252
57,6,LMM-1,4,9.875,1.6345871038277526,9.931249999999977,1.5528577486363613,0.7747061360639129,0.05738043991968703
57,6,LMM-2,4,9.0,2.179449471770337,9.09999999999998,2.070476998181815,0.796616413395802,0.0783834705496732
57,8,LMM-1,4,10.0625,1.9395150811478625,10.109374999999982,1.842539327090467,0.7540537404532959,0.050836914689108254
57,8,LMM-2,4,9.15625,2.517710703694926,9.248437499999984,2.391825168510176,0.7800630578740735,0.07782946551588815
58,2,LMM-1,4,10.0,0.8660254037844386,10.050000000000004,0.8227241335952177,0.8362915591244579,0.012043245294037356
58,2,LMM-2,4,10.0,0.8660254037844386,10.050000000000004,0.8227241335952177,0.8362915591244579,0.012043245294037356
58,4,LMM-1,4,10.0,0.8660254037844386,10.04999999999999,0.8227241335952161,0.8041288898598933,0.014927562217207533
58,4,LMM-2,4,10.0,0.8660254037844386,10.04999999999999,0.8227241335952161,0.8041288898598933,0.014927562217207533
58,6,LMM-1,4,10.0,0.8660254037844386,10.049999999999978,0.8227241335952153,0.7731318151731033,0.017598226662857805
58,6,LMM-2,4,10.0,0.8660254037844386,10.049999999999978,0.8227241335952153,0.7731318151731033,0.017598226662857805
58,8,LMM-1,4,10.0625,0.6218671481916375,10.109374999999982,0.5907737907820545,0.7586015577727928,0.02964301688671876
58,8,LMM-2,4,10.0,0.7288689868556626,10.049999999999981,0.6924255375128786,0.7591246611295019,0.030404118403149254
59,2,LMM-1,4,15.0,1.6583123951777,14.800000000000011,1.5753967754188154,0.7268834598683833,0.026164828850726175
59,2,LMM-2,4,15.0,1.6583123951777,14.800000000000011,1.5753967754188154,0.7268834598683833,0.026164828850726175
59,4,LMM-1,4,15.0,1.6583123951777,14.799999999999983,1.5753967754188107,0.6759251404298372,0.030365281104900898
59,4,LMM-2,4,15.0,1.6583123951777,14.799999999999983,1.5753967754188107,0.6759251404298372,0.030365281104900898
59,6,LMM-1,4,15.0,1.6583123951777,14.799999999999965,1.5753967754188092,0.6284759303301101,0.03381623554644366
59,6,LMM-2,4,15.0,1.6583123951777,14.799999999999965,1.5753967754188092,0.6284759303301101,0.03381623554644366
59,8,LMM-1,4,15.25,1.4361406616345072,15.037499999999977,1.3643336285527792,0.6006818337877782,0.05203634238579542
59,8,LMM-2,4,15.25,1.4361406616345072,15.037499999999977,1.3643336285527792,0.6006818337877782,0.05203634238579542
60,2,LMM-1,4,11.0,1.541103500742244,11.000000000000007,1.464048325705134,0.8058153756510716,0.03706933176098512
60,2,LMM-2,4,10.5,1.620185174601965,10.525000000000006,1.5391759158718683,0.8168582170802825,0.04067590245899511
60,4,LMM-1,4,11.0,1.541103500742244,10.999999999999988,1.464048325705131,0.7745839936836146,0.04336092624575589
60,4,LMM-2,4,10.0,2.311655251113366,10.04999999999999,2.196072488557695,0.7994402534768292,0.063785539603209
60,6,LMM-1,4,11.125,1.6723860200324565,11.118749999999975,1.588766719030831,0.751480395097962,0.04087011347310476
60,6,LMM-2,4,9.916666666666666,2.715055759607485,9.970833333333312,2.5793029716271056,0.7886903541195301,0.07398332030227783
60,8,LMM-1,4,11.125,1.6723860200324565,11.11874999999998,1.5887667190308317,0.7254357381848894,0.04279113747335308
60,8,LMM-2,4,9.9375,2.7521298570379997,9.990624999999982,2.6145233641860957,0.7671316651623231,0.08277062172800062
61,2,LMM-1,4,10.0625,1.0661701318269987,10.109375000000005,1.0128616252356497,0.8246854794023493,0.03733391721947798
61,2,LMM-2,4,9.25,1.845602882529175,9.337500000000006,1.753322738402718,0.8423162151357131,0.05183055588162978
61,4,LMM-1,4,10.0625,1.0661701318269987,10.10937499999999,1.0128616252356477,0.7936690910875949,0.04583822027590032
61,4,LMM-2,4,8.71875,2.319036370456488,8.832812499999992,2.2030845519336606,0.8279035460377799,0.07249433994071007
61,6,LMM-1,4,9.9375,1.0364452469860626,9.990624999999978,0.9846229846367576,0.7805188859782861,0.04539543888371172
61,6,LMM-2,4,8.5,2.602749614456903,8.590624999999982,2.5266674482600977,0.8175504336422645,0.08203766620826212
61,8,LMM-1,4,9.5,1.015504800579495,9.574999999999982,0.9647295605505186,0.7778877006360442,0.0497055901901308
61,8,LMM-2,4,8.1875,2.7339731847624256,8.293749999999985,2.6523804535383824,0.8110138398658541,0.08918285900405867
62,2,LMM-1,4,10.25,1.14564392373896,10.287500000000007,1.0883617275520137,0.8277193167690162,0.034503710583863124
62,2,LMM-2,4,9.0,2.318404623873926,9.065625000000006,2.2327354124201575,0.8509222260633684,0.05780224742256608
62,4,LMM-1,4,10.3125,1.1642460006373223,10.34687499999999,1.106033700605455,0.8066676732257412,0.035810061715794005
62,4,LMM-2,4,8.6875,2.7464465678399788,8.768749999999992,2.649388195885983,0.8427817821240984,0.07144813995637529
62,6,LMM-1,4,10.0625,1.3961442439805423,10.109374999999979,1.3263370317815129,0.7929928529418739,0.04733400610160117
62,6,LMM-2,4,8.4375,2.9758139642793533,8.531249999999982,2.864225735255509,0.8313301335943422,0.08519984059944499
62,8,LMM-1,4,9.875,1.340475661845451,9.93124999999998,1.2734518787531761,0.7846470882457564,0.046175445947562385
62,8,LMM-2,4,8.109375,2.9824928619990025,8.219531249999985,2.87031069253481,0.829886193818576,0.08798947470311343
63,2,LMM-1,4,12.375,0.649519052838329,12.30625000000001,0.6170431001964126,0.790356595884419,0.011784814355919982
63,2,LMM-2,4,12.375,0.649519052838329,12.30625000000001,0.6170431001964126,0.790356595884419,0.011784814355919982
63,4,LMM-1,4,12.375,0.649519052838329,12.306249999999986,0.6170431001964104,0.7481696259808417,0.01352869329679765
63,4,LMM-2,4,12.375,0.649519052838329,12.306249999999986,0.6170431001964104,0.7481696259808417,0.01352869329679765
63,6,LMM-1,4,12.375,0.649519052838329,12.306249999999972,0.6170431001964104,0.7081581344625946,0.01539177693860062
63,6,LMM-2,4,12.375,0.649519052838329,12.306249999999972,0.6170431001964104,0.7081581344625946,0.01539177693860062
63,8,LMM-1,4,12.3125,0.7368641326594747,12.246874999999978,0.7000209260265001,0.6833124295365386,0.02164086987040647
63,8,LMM-2,4,12.3125,0.7368641326594747,12.246874999999978,0.7000209260265001,0.6833124295365386,0.02164086987040647
64,2,LMM-1,4,10.0625,0.8361930100162283,10.109375000000007,0.7943833595154175,0.8329133501535305,0.01739508917413714
64,2,LMM-2,4,9.8125,1.0807260291119114,9.871875000000006,1.026689727656316,0.8381350869238778,0.025126559299245593
64,4,LMM-1,4,10.0625,0.8361930100162283,10.10937499999999,0.794383359515416,0.8082084176645754,0.015826867304347413
64,4,LMM-2,4,9.9375,0.9416574483324602,9.99062499999999,0.8945745759158363,0.8150725428735517,0.026857804846594353
64,6,LMM-1,4,10.125,0.7603453162872774,10.168749999999978,0.7223280504729122,0.7945501239755964,0.0218949876660837
64,6,LMM-2,4,9.895833333333332,1.0110071298792445,9.951041666666645,0.9604567733852797,0.8010469756063491,0.031797831570730746
64,8,LMM-1,4,10.25,0.6373774391990981,10.287499999999982,0.6055085672391423,0.7768870642077257,0.023758038385101463
64,8,LMM-2,4,10.015625,0.9605245555814802,10.064843749999982,0.9124983278024045,0.784391514974797,0.03471703274725343
65,2,LMM-1,4,11.75,0.4330127018922193,11.71250000000001,0.41136206679760956,0.797461411667129,0.02024270323578914
65,2,LMM-2,4,11.75,0.4330127018922193,11.71250000000001,0.41136206679760956,0.797461411667129,0.02024270323578914
65,4,LMM-1,4,11.8125,0.480071609241788,11.771874999999989,0.45606802877969804,0.7674573650048315,0.013322016794112154
65,4,LMM-2,4,11.8125,0.480071609241788,11.771874999999989,0.45606802877969804,0.7674573650048315,0.013322016794112154
65,6,LMM-1,4,11.875,0.5448623679425842,11.831249999999974,0.5176192495454541,0.7506417327325315,0.006094600497889309
65,6,LMM-2,4,11.875,0.5448623679425842,11.831249999999974,0.5176192495454541,0.7506417327325315,0.006094600497889309
65,8,LMM-1,4,11.875,0.5448623679425842,11.83124999999998,0.5176192495454544,0.7281590927268906,0.012440571095336975
65,8,LMM-2,4,11.875,0.5448623679425842,11.83124999999998,0.5176192495454544,0.7281590927268906,0.012440571095336975
66,2,LMM-1,4,9.875,2.381569860407206,9.931250000000006,2.2624913673868474,0.8303905676085583,0.04406961810850026
66,2,LMM-2,4,9.6875,1.995111212439046,9.753125000000004,1.8953556518170953,0.8397465877163922,0.04584311565605241
66,4,LMM-1,4,9.875,2.381569860407206,9.93124999999999,2.2624913673868434,0.8005930396088117,0.051158132514601974
66,4,LMM-2,4,9.125,2.695482331605978,9.218749999999991,2.560708215025676,0.827105032619776,0.07120067522381131
66,6,LMM-1,4,10.3125,1.6898132293244719,10.346874999999978,1.6053225678582455,0.7783685232192689,0.05836573841980924
66,6,LMM-2,4,9.395833333333334,2.2892980183162406,9.476041666666646,2.174833117400424,0.8047924678099795,0.07913731097769844
66,8,LMM-1,4,10.3125,1.6898132293244719,10.346874999999981,1.6053225678582463,0.7650488367538375,0.052304534879520054
66,8,LMM-2,4,9.5,2.23606797749979,9.574999999999982,2.1242645786247976,0.7914218404517903,0.07455920750982123
67,2,LMM-1,4,9.75,0.5590169943749475,9.812500000000007,0.5310661446562005,0.8403226739667295,0.030153425670783517
67,2,LMM-2,4,9.0,1.2747548783981961,9.100000000000005,1.2110171344782872,0.8551370556380948,0.043656131050801565
67,4,LMM-1,4,9.75,0.5590169943749475,9.81249999999999,0.5310661446561996,0.8114479613147583,0.034710305117217996
67,4,LMM-2,4,8.625,1.3891319231808044,8.743749999999991,1.3196753270217625,0.843334731440494,0.05562876070722612
67,6,LMM-1,4,9.875,0.649519052838329,9.931249999999977,0.6170431001964115,0.7874611220435556,0.038154547996657774
67,6,LMM-2,4,8.3125,1.462939155338397,8.446874999999983,1.389792197571473,0.8373517896193311,0.06507327475656768
67,8,LMM-1,4,9.6875,0.5412658773652742,9.753124999999983,0.5142025834970095,0.7797587069338847,0.04521219453974905
67,8,LMM-2,4,8.28125,1.3298701769345758,8.417187499999985,1.2633766680878447,0.8239845429607299,0.07083441966181463
68,2,LMM-1,4,11.0,1.5811388300841898,11.000000000000007,1.5020818885799818,0.8080535964892747,0.046567732395515773
68,2,LMM-2,4,11.0,1.5811388300841898,11.000000000000007,1.5020818885799818,0.8080535964892747,0.046567732395515773
68,4,LMM-1,4,11.0,1.5811388300841898,10.99999999999999,1.502081888579978,0.7773555117888669,0.05649247972405151
68,4,LMM-2,4,11.0,1.5811388300841898,10.99999999999999,1.502081888579978,0.777337413881163,0.05647125803006931
68,6,LMM-1,4,11.0,1.5811388300841898,10.999999999999975,1.5020818885799763,0.7588410249784685,0.050560971315574445
68,6,LMM-2,4,10.875,1.7455300054711176,10.881249999999977,1.658253505197557,0.7621769625239672,0.05494994351345453
68,8,LMM-1,4,11.0,1.5811388300841898,10.99999999999998,1.5020818885799774,0.7339024602933109,0.05453485069662086
68,8,LMM-2,4,10.875,1.7455300054711176,10.88124999999998,1.6582535051975582,0.7405510737506247,0.06348300948920022
69,2,LMM-1,4,9.25,2.277608394786075,9.337500000000006,2.163727975046773,0.8424791966031485,0.05060521654232744
69,2,LMM-2,4,9.125,2.3551804601770967,9.218750000000005,2.2374214371682437,0.844927813494152,0.052827210600180856
69,4,LMM-1,4,9.25,2.277608394786075,9.33749999999999,2.163727975046768,0.8197161944078697,0.05394200026554508
69,4,LMM-2,4,8.625,2.8145825622994254,8.743749999999991,2.6738534341844504,0.8309076588321185,0.06618634833149697
69,6,LMM-1,4,9.25,2.277608394786075,9.337499999999979,2.1637279750467657,0.7975628959062308,0.057187002220231355
69,6,LMM-2,4,8.833333333333334,2.598076211353316,8.941666666666647,2.4681724007856443,0.8099515200955865,0.07124893439193598
69,8,LMM-1,4,9.25,2.277608394786075,9.337499999999983,2.1637279750467675,0.7841192921460335,0.05903234025064638
69,8,LMM-2,4,8.8125,2.6182950082066765,8.921874999999984,2.4873802577963384,0.8000587653741393,0.07669567427313144
70,2,LMM-1,4,11.625,0.414578098794425,11.593750000000009,0.3938491938547049,0.7901657095701635,0.016759057441521452
70,2,LMM-2,4,11.625,0.414578098794425,11.593750000000009,0.3938491938547049,0.7901657095701635,0.016759057441521452
70,4,LMM-1,4,11.625,0.414578098794425,11.59374999999999,0.39384919385470357,0.7538796409956969,0.020402965579498323
70,4,LMM-2,4,11.625,0.414578098794425,11.59374999999999,0.39384919385470357,0.7538796409956969,0.020402965579498323
70,6,LMM-1,4,11.1875,0.5412658773652742,11.178124999999977,0.5142025834970094,0.744522636181503,0.02006860251185007
70,6,LMM-2,4,11.1875,0.5412658773652742,11.178124999999977,0.5142025834970094,0.744522636181503,0.02006860251185007
70,8,LMM-1,4,10.9375,0.2724311839712921,10.94062499999998,0.25880962477272695,0.7315517749935272,0.021570813258381453
70,8,LMM-2,4,10.9375,0.2724311839712921,10.94062499999998,0.25880962477272695,0.7315517749935272,0.021570813258381453
71,2,LMM-1,4,11.75,0.82915619758885,11.712500000000007,0.7876983877094083,0.7948186579111549,0.021807588158402336
71,2,LMM-2,4,11.75,0.82915619758885,11.712500000000007,0.7876983877094083,0.7948186579111549,0.021807588158402336
71,4,LMM-1,4,11.75,0.82915619758885,11.712499999999988,0.7876983877094067,0.754382497464436,0.025257958360091124
71,4,LMM-2,4,11.75,0.82915619758885,11.712499999999988,0.7876983877094067,0.754382497464436,0.025257958360091124
71,6,LMM-1,4,11.75,0.82915619758885,11.712499999999975,0.7876983877094063,0.7159256992633913,0.028444509483545218
71,6,LMM-2,4,11.75,0.82915619758885,11.712499999999975,0.7876983877094063,0.7159256992633913,0.028444509483545218
71,8,LMM-1,4,11.75,0.82915619758885,11.71249999999998,0.7876983877094069,0.6794806258026841,0.031187110644277725
71,8,LMM-2,4,11.75,0.82915619758885,11.71249999999998,0.7876983877094069,0.6794806258026841,0.031187110644277725
72,2,LMM-1,4,9.4375,1.150747039970123,9.515625000000005,1.0932096879716182,0.8256491326274407,0.03324691186094132
72,2,LMM-2,4,8.625,2.1028254801575903,8.743750000000006,1.9976842061497126,0.8425164044915177,0.05613071134502561
72,4,LMM-1,4,9.4375,1.150747039970123,9.515624999999991,1.093209687971616,0.7961492303442966,0.0391322378495307
72,4,LMM-2,4,8.375,2.484325864293974,8.506249999999993,2.3601095710792723,0.820915094169659,0.07439042182367303
72,6,LMM-1,4,9.4375,1.150747039970123,9.515624999999979,1.0932096879716149,0.7751629976379009,0.042016322485136384
72,6,LMM-2,4,8.375,2.484325864293974,8.506249999999982,2.3601095710792697,0.8038965580828933,0.08229578032497918
72,8,LMM-1,4,9.625,1.0968705484240153,9.693749999999982,1.0420270210028133,0.7641563458055218,0.036117173002265905
72,8,LMM-2,4,8.125,2.6604745817240953,8.268749999999985,2.527450852637886,0.806583393797595,0.08391591329367191
73,2,LMM-1,4,10.125,0.81967981553775,10.168750000000006,0.7786958247608634,0.8144752138168465,0.031651120802604675
73,2,LMM-2,4,9.75,1.0897247358851685,9.812500000000007,1.0352384990909116,0.8254390595159404,0.04214259985535397
73,4,LMM-1,4,10.125,0.81967981553775,10.16874999999999,0.778695824760862,0.7804981171242282,0.03377939290528307
73,4,LMM-2,4,8.875,1.9803724397193574,8.981249999999992,1.8813538177333882,0.8147773411533935,0.06462499813356726
73,6,LMM-1,4,9.6875,1.242162932146987,9.75312499999998,1.1800547855396344,0.782881038453109,0.04602471432396913
73,6,LMM-2,4,9.125,1.80710403685012,9.21874999999998,1.71674883500761,0.801406467693879,0.06445202244531333
73,8,LMM-1,4,9.875,1.5562374497485916,9.931249999999983,1.4784255772611603,0.7625529237431412,0.048577692776372486
73,8,LMM-2,4,9.21875,2.190399863609382,9.307812499999983,2.08087987042891,0.7858889438932762,0.07227147733357644
74,2,LMM-1,4,8.6875,1.5347536447260843,8.803125000000005,1.4580159624897822,0.8520636284169232,0.02987862262816438
74,2,LMM-2,4,7.5,1.541103500742244,7.675000000000004,1.4640483257051342,0.8797921756529008,0.028277283634838456
74,4,LMM-1,4,8.6875,1.5347536447260843,8.80312499999999,1.4580159624897793,0.8325037297482161,0.03126253590089387
74,4,LMM-2,4,7.59375,1.4013804577986664,7.7640624999999925,1.331311434908732,0.8656467682351005,0.030390049952490453
74,6,LMM-1,4,8.6875,1.5347536447260843,8.80312499999998,1.458015962489778,0.8133744698846834,0.03290327889818903
74,6,LMM-2,4,7.3125,1.585935361930688,7.496874999999984,1.5066385938341509,0.8564606525233941,0.03846089634907589
74,8,LMM-1,4,8.6875,1.5347536447260843,8.803124999999984,1.4580159624897782,0.7946668702925553,0.03472168734655415
74,8,LMM-2,4,7.375,1.5258194519667128,7.556249999999986,1.4495284793683754,0.8459431329682181,0.045380366125586914
75,2,LMM-1,4,9.375,0.414578098794425,9.456250000000006,0.39384919385470424,0.8374511555031412,0.022195182508118843
75,2,LMM-2,4,8.5,1.2747548783981961,8.625000000000005,1.2110171344782878,0.8601699516657777,0.04393799216100682
75,4,LMM-1,4,9.375,0.414578098794425,9.45624999999999,0.39384919385470346,0.8135291377624353,0.023305874973857603
75,4,LMM-2,4,8.40625,1.3617974105938078,8.535937499999992,1.2937075400641163,0.8433679365956095,0.05119821407276413
75,6,LMM-1,4,9.375,0.414578098794425,9.45624999999998,0.39384919385470263,0.7883914005683774,0.023190284078801842
75,6,LMM-2,4,8.291666666666666,1.5427923817978018,8.427083333333314,1.465652762707908,0.8272330609069274,0.0593904257425973
75,8,LMM-1,4,9.125,0.8385254915624212,9.218749999999982,0.7965992169842987,0.7822828898368474,0.04033581179684481
75,8,LMM-2,4,8.21875,1.645009023531482,8.357812499999984,1.562758572354905,0.8130846059624184,0.06827967217688706
76,2,LMM-1,4,10.875,1.4306903927824497,10.881250000000009,1.3591558731433298,0.8109796639323995,0.02770292240162248
76,2,LMM-2,4,10.5,1.159202311936963,10.525000000000006,1.1012421963401167,0.8177929763233794,0.023264808595325058
76,4,LMM-1,4,10.75,1.346291201783626,10.762499999999989,1.2789766416944435,0.786365523383384,0.029134466995281307
76,4,LMM-2,4,9.46875,1.7170446084770192,9.54531249999999,1.631192378053166,0.8279845346908643,0.04040340035589877
76,6,LMM-1,4,10.75,1.346291201783626,10.762499999999976,1.278976641694442,0.7670447223534742,0.02263368635086668
76,6,LMM-2,4,9.229166666666666,1.6429299285118646,9.317708333333313,1.5607834320862672,0.8226396102770133,0.045030429112673756
76,8,LMM-1,4,10.5625,1.0364452469860626,10.58437499999998,0.9846229846367578,0.7610238350917327,0.031079192628011267
76,8,LMM-2,4,9.265625,1.7712851751976586,9.352343749999982,1.6827209164377723,0.8131383308311844,0.05236232892813581
77,2,LMM-1,4,9.75,0.82915619758885,9.812500000000005,0.7876983877094083,0.818149501565735,0.024902629022256945
77,2,LMM-2,4,9.75,0.82915619758885,9.812500000000005,0.7876983877094083,0.8181346152628515,0.02489335664215688
77,4,LMM-1,4,9.75,0.82915619758885,9.81249999999999,0.7876983877094069,0.7853916819076638,0.024367778715226423
77,4,LMM-2,4,9.65625,0.924387466109315,9.72343749999999,0.878168092803849,0.7930372630284706,0.03196546308683917
77,6,LMM-1,4,9.8125,0.7781187248742958,9.871874999999978,0.7392127886305795,0.7673880421361328,0.03709064545626304
77,6,LMM-2,4,9.770833333333332,0.8361930100162284,9.832291666666645,0.7943833595154152,0.7735034062550247,0.0430945000489111
77,8,LMM-1,4,10.3125,1.0807260291119114,10.346874999999981,1.026689727656315,0.7597260606656291,0.02879556378041099
77,8,LMM-2,4,10.171875,1.225840751025597,10.213281249999982,1.164548713474316,0.7666139311969766,0.0351145903522496
78,2,LMM-1,4,11.25,1.0307764064044151,11.237500000000006,0.9792375860841951,0.8170235057497628,0.026028575312993213
78,2,LMM-2,4,10.375,1.9162137145944864,10.406250000000005,1.8204030288647635,0.8340182630493328,0.04271178810844621
78,4,LMM-1,4,11.25,1.0307764064044151,11.237499999999988,0.9792375860841934,0.7910609007656232,0.028111568052084486
78,4,LMM-2,4,9.75,2.5617376914898995,9.812499999999991,2.433650806915401,0.822802094851036,0.05985003219878051
78,6,LMM-1,4,11.25,1.0307764064044151,11.237499999999976,0.9792375860841922,0.7658920245758201,0.030061510569221107
78,6,LMM-2,4,9.333333333333334,2.9509885349376286,9.416666666666647,2.803439108190741,0.8088777941359443,0.07245105635257364
78,8,LMM-1,4,11.25,1.0307764064044151,11.23749999999998,0.9792375860841936,0.7414937318943076,0.03187923321578623
78,8,LMM-2,4,9.3125,2.9758139642793533,9.396874999999984,2.8270232660653813,0.7903625642956216,0.08036788600301475
79,2,LMM-1,4,10.125,1.8833148966649205,10.168750000000006,1.7891491518316776,0.8099115562067564,0.04521582818992517
79,2,LMM-2,4,10.125,1.8833148966649205,10.168750000000006,1.7891491518316776,0.8099115562067564,0.04521582818992517
79,4,LMM-1,4,10.125,1.8833148966649205,10.168749999999989,1.7891491518316736,0.7847146930744868,0.052634690632253955
79,4,LMM-2,4,10.125,1.8833148966649205,10.168749999999989,1.7891491518316736,0.7847146930744868,0.052634690632253955
79,6,LMM-1,4,10.125,1.8833148966649205,10.168749999999978,1.789149151831671,0.7603517048710804,0.05957365570356736
79,6,LMM-2,4,10.125,1.8833148966649205,10.168749999999978,1.789149151831671,0.7603517048710804,0.05957365570356736
79,8,LMM-1,4,10.125,1.8833148966649205,10.168749999999982,1.7891491518316713,0.7370759870965187,0.06572367706349086
79,8,LMM-2,4,10.125,1.8833148966649205,10.168749999999982,1.7891491518316713,0.7370759870965187,0.06572367706349086
80,2,LMM-1,4,11.75,3.344772040064913,11.71250000000001,3.1775334380616704,0.7699617469294014,0.08044046974124776
80,2,LMM-2,4,11.5625,3.563596322537108,11.534375000000008,3.3854165064102566,0.7784847862926312,0.0910016978148493
80,4,LMM-1,4,11.75,3.344772040064913,11.712499999999986,3.177533438061662,0.7286125916641305,0.09030370016901189
80,4,LMM-2,4,11.4375,3.718093429433962,11.415624999999986,3.532188757962258,0.7436953643487311,0.10955512521225347
80,6,LMM-1,4,11.9375,3.1443153070263166,11.890624999999973,2.987099541674993,0.6932351623868385,0.1031174370469031
80,6,LMM-2,4,11.354166666666666,3.824434871106231,11.336458333333308,3.6332131275509103,0.7109925005659785,0.1266665684024992
80,8,LMM-1,4,11.9375,3.1443153070263166,11.890624999999979,2.9870995416749966,0.6585330604627909,0.11260696733916532
80,8,LMM-2,4,11.28125,3.9194776039033568,11.26718749999998,3.723503723708183,0.6812691570933271,0.1434628945378114
81,2,LMM-1,4,9.4375,0.6702378309227255,9.515625000000005,0.6367259393765897,0.8347725849064427,0.024948573894870468
81,2,LMM-2,4,9.3125,0.7781187248742958,9.396875000000005,0.7392127886305818,0.8373931082570478,0.027104489394373255
81,4,LMM-1,4,9.4375,0.6702378309227255,9.51562499999999,0.6367259393765883,0.8092702581285411,0.03317683633636075
81,4,LMM-2,4,9.3125,0.7781187248742958,9.396874999999989,0.7392127886305804,0.8125641958091155,0.03583562708036266
81,6,LMM-1,4,9.4375,0.6702378309227255,9.515624999999979,0.6367259393765883,0.7929505678312379,0.027438395523559818
81,6,LMM-2,4,9.3125,0.7781187248742958,9.39687499999998,0.7392127886305799,0.7969026566554742,0.030906261016851278
81,8,LMM-1,4,9.4375,0.6702378309227255,9.515624999999982,0.6367259393765883,0.7718229703869388,0.03017456957997067
81,8,LMM-2,4,9.3125,0.7781187248742958,9.396874999999982,0.7392127886305798,0.7764182475039896,0.03425357731345028
82,2,LMM-1,4,10.9375,0.6218671481916375,10.940625000000008,0.5907737907820562,0.8144252541883187,0.03062444687477619
82,2,LMM-2,4,10.875,0.7180703308172536,10.881250000000007,0.6821668142763917,0.8155764676585678,0.03185212137358435
82,4,LMM-1,4,10.9375,0.6218671481916375,10.94062499999999,0.5907737907820548,0.7794497160989129,0.03170233926608341
82,4,LMM-2,4,10.8125,0.8172935519138763,10.821874999999988,0.7764288743181823,0.783123102423311,0.036371074409550785
82,6,LMM-1,4,10.9375,0.6218671481916375,10.940624999999976,0.5907737907820535,0.7459360955164418,0.03299789080882646
82,6,LMM-2,4,10.916666666666668,0.6535161308899213,10.92083333333331,0.6208403243454239,0.7492761162695691,0.03757647009408369
82,8,LMM-1,4,10.9375,0.6218671481916375,10.940624999999981,0.5907737907820548,0.7138256524099076,0.03440449991665168
82,8,LMM-2,4,10.84375,0.7673768223630422,10.851562499999982,0.7290079812448889,0.7202900183493441,0.04399470072731047
83,2,LMM-1,4,11.25,2.75,11.237500000000008,2.612500000000003,0.7875440800111313,0.06745477319100249
83,2,LMM-2,4,10.8125,3.313679035452891,10.821875000000007,3.14799508368025,0.7969914175563748,0.08058051342321568
83,4,LMM-1,4,11.25,2.75,11.237499999999986,2.6124999999999963,0.750851606344785,0.07525617944216796
83,4,LMM-2,4,10.84375,3.270816746242443,10.851562499999988,3.1072759089303164,0.765747130600969,0.09586651994593727
83,6,LMM-1,4,11.25,2.75,11.237499999999974,2.612499999999993,0.7247357894975498,0.08080385231531349
83,6,LMM-2,4,10.729166666666666,3.4295362295797376,10.742708333333308,3.258059418100742,0.7463551839628814,0.1094746724136949
83,8,LMM-1,4,11.125,2.55868618630734,11.11874999999998,2.4307518769919696,0.7097648891794853,0.06279648681555844
83,8,LMM-2,4,10.53125,3.363841507488128,10.554687499999982,3.1956494321137163,0.738083775495169,0.10462382641725225
84,2,LMM-1,4,11.25,1.299038105676658,11.237500000000008,1.234086200392826,0.8141568077684322,0.018563662796719917
84,2,LMM-2,4,11.25,1.299038105676658,11.237500000000008,1.234086200392826,0.8141568077684322,0.018563662796719917
84,4,LMM-1,4,11.25,1.299038105676658,11.237499999999988,1.2340862003928235,0.7875660470644261,0.023310734888725378
84,4,LMM-2,4,11.25,1.299038105676658,11.237499999999988,1.2340862003928235,0.7875660470644261,0.023310734888725378
84,6,LMM-1,4,11.25,1.299038105676658,11.237499999999976,1.2340862003928232,0.7618356874228109,0.027749923252931838
84,6,LMM-2,4,11.25,1.299038105676658,11.237499999999976,1.2340862003928232,0.7618356874228109,0.027749923252931838
84,8,LMM-1,4,11.25,1.299038105676658,11.23749999999998,1.2340862003928241,0.7369384382896842,0.031894915527178595
84,8,LMM-2,4,11.25,1.299038105676658,11.23749999999998,1.2340862003928241,0.7369384382896842,0.031894915527178595
85,2,LMM-1,4,9.875,0.960143218483576,9.931250000000006,0.9121360575593983,0.8278069662436279,0.032836829066102455
85,2,LMM-2,4,8.375,1.595893166850463,8.506250000000003,1.5160985085079413,0.86116821021134,0.04826482747554741
85,4,LMM-1,4,9.875,0.960143218483576,9.93124999999999,0.9121360575593962,0.8015583463937757,0.03930439198040607
85,4,LMM-2,4,7.65625,1.7708026958133987,7.823437499999993,1.6822625610227262,0.8560533059548898,0.06446327528507927
85,6,LMM-1,4,10.0,1.0606601717798212,10.049999999999978,1.0076271631908285,0.788849029635537,0.029548534076675695
85,6,LMM-2,4,7.354166666666667,2.1452264513980284,7.536458333333317,2.037965128828122,0.8607678014463143,0.057751703722587366
85,8,LMM-1,4,10.25,0.9185586535436918,10.287499999999982,0.8726307208665062,0.7722895035607995,0.03515401243173408
85,8,LMM-2,4,7.4375,2.0949157202617963,7.615624999999986,1.990169934248703,0.8512169408316237,0.062422376077915065
86,2,LMM-1,4,10.375,0.21650635094610965,10.406250000000005,0.20568103339880478,0.8165867015313785,0.019546421807363826
86,2,LMM-2,4,10.375,0.21650635094610965,10.406250000000005,0.20568103339880478,0.8165867015313785,0.019546421807363826
86,4,LMM-1,4,10.375,0.21650635094610965,10.40624999999999,0.20568103339880325,0.784814294818288,0.02597569702163399
86,4,LMM-2,4,10.28125,0.3788861141556919,10.317187499999989,0.3599418084479061,0.7865911341678655,0.02887838858956281
86,6,LMM-1,4,10.375,0.21650635094610965,10.406249999999977,0.20568103339880403,0.7542565473405132,0.0321490542251346
86,6,LMM-2,4,10.1875,0.45021214135363086,10.228124999999977,0.42770153428594915,0.7632300503779933,0.04088047158075152
86,8,LMM-1,4,10.4375,0.2724311839712921,10.465624999999982,0.25880962477272756,0.7337982291032816,0.03200967411719254
86,8,LMM-2,4,9.734375,0.9399707026684395,9.797656249999982,0.8929721675350171,0.7590747170897738,0.04392624475027187
87,2,LMM-1,4,13.125,3.416412592179112,13.018750000000011,3.2455919625701615,0.7637948447157964,0.06415008669733904
87,2,LMM-2,4,13.125,3.416412592179112,13.018750000000011,3.2455919625701615,0.7637948447157964,0.06415008669733904
87,4,LMM-1,4,13.125,3.416412592179112,13.018749999999983,3.2455919625701495,0.7205922913156697,0.07912467149380237
87,4,LMM-2,4,13.125,3.416412592179112,13.018749999999983,3.2455919625701495,0.7205922913156697,0.07912467149380237
87,6,LMM-1,4,13.5,3.181980515339464,13.37499999999997,3.022881489572483,0.682146928230202,0.0933394868523208
87,6,LMM-2,4,13.5,3.181980515339464,13.37499999999997,3.022881489572483,0.682146928230202,0.0933394868523208
87,8,LMM-1,4,13.5625,3.1542382202363854,13.434374999999978,2.9965263092245618,0.6534949827687039,0.1102390520594582
87,8,LMM-2,4,13.5625,3.1542382202363854,13.434374999999978,2.9965263092245618,0.6534949827687039,0.1102390520594582
88,2,LMM-1,4,10.0625,0.8361930100162283,10.109375000000007,0.7943833595154175,0.8260112542022318,0.02727206265875704
88,2,LMM-2,4,10.0625,0.8361930100162283,10.109375000000007,0.7943833595154175,0.8260112542022318,0.02727206265875704
88,4,LMM-1,4,10.0625,0.8361930100162283,10.109374999999991,0.7943833595154162,0.800717770988709,0.03204233285510152
88,4,LMM-2,4,10.0625,0.8361930100162283,10.109374999999991,0.7943833595154162,0.800717770988709,0.03204233285510152
88,6,LMM-1,4,10.0625,0.8361930100162283,10.109374999999979,0.7943833595154156,0.776202173239518,0.036769145730025904
88,6,LMM-2,4,10.0625,0.8361930100162283,10.109374999999979,0.7943833595154156,0.776202173239518,0.036769145730025904
88,8,LMM-1,4,10.25,1.0307764064044151,10.287499999999982,0.9792375860841928,0.7627758037774209,0.030311474082699044
88,8,LMM-2,4,10.25,1.0307764064044151,10.287499999999982,0.9792375860841928,0.7627758037774209,0.030311474082699044
89,2,LMM-1,4,11.25,0.82915619758885,11.237500000000008,0.7876983877094085,0.8007404477326909,0.015248230555139861
89,2,LMM-2,4,10.8125,1.3849074878850212,10.821875000000006,1.3156621134907716,0.8124906865101362,0.03166301637464248
89,4,LMM-1,4,11.0,1.118033988749895,10.999999999999988,1.062132289312399,0.7743277851215813,0.027628273522226396
89,4,LMM-2,4,10.625,1.6723860200324565,10.643749999999988,1.5887667190308326,0.7854094395124988,0.045867164714251535
89,6,LMM-1,4,10.8125,1.1642460006373223,10.821874999999977,1.1060337006054546,0.7725978915791777,0.023588279233626216
89,6,LMM-2,4,10.625,1.3975424859373686,10.643749999999976,1.327665361640498,0.7832297965044323,0.03702070058646142
89,8,LMM-1,4,10.8125,1.1642460006373223,10.82187499999998,1.1060337006054546,0.7659171591687093,0.035851387278109784
89,8,LMM-2,4,10.5,1.571225636247067,10.52499999999998,1.4926643544347111,0.7714575409743845,0.04212423641219124
90,2,LMM-1,4,12.0,1.6583123951777,11.95000000000001,1.5753967754188167,0.7672911875189559,0.036339124498128685
90,2,LMM-2,4,12.0,1.6583123951777,11.95000000000001,1.5753967754188167,0.7672911875189559,0.036339124498128685
90,4,LMM-1,4,12.0,1.6583123951777,11.949999999999987,1.5753967754188132,0.7233075228885832,0.041461831246405234
90,4,LMM-2,4,12.0,1.6583123951777,11.949999999999987,1.5753967754188132,0.7233075228885832,0.041461831246405234
90,6,LMM-1,4,12.0,1.6583123951777,11.949999999999974,1.5753967754188123,0.6817951616642043,0.04591135269739622
90,6,LMM-2,4,12.0,1.6583123951777,11.949999999999974,1.5753967754188123,0.6817951616642043,0.04591135269739622
90,8,LMM-1,4,12.0,1.6583123951777,11.94999999999998,1.5753967754188138,0.642671830788258,0.0498182895999331
90,8,LMM-2,4,12.0,1.6583123951777,11.94999999999998,1.5753967754188138,0.642671830788258,0.0498182895999331
91,2,LMM-1,4,10.375,1.709349291397168,10.406250000000005,1.6238818268273103,0.8206338812380908,0.04725859471254121
91,2,LMM-2,4,10.25,1.7853571071357126,10.287500000000005,1.6960892517789279,0.8225202971689897,0.04915550370925999
91,4,LMM-1,4,10.375,1.709349291397168,10.40624999999999,1.6238818268273083,0.7925975523411104,0.05207955384984723
91,4,LMM-2,4,10.0,2.0,10.04999999999999,1.8999999999999986,0.8008981575145657,0.0617279023664791
91,6,LMM-1,4,10.375,1.709349291397168,10.406249999999977,1.6238818268273063,0.7739270232308681,0.046810183258713556
91,6,LMM-2,4,9.979166666666666,2.021048098553487,10.030208333333311,1.9199956936258091,0.7840987258005025,0.05979955687279033
91,8,LMM-1,4,10.25,1.6007810593582121,10.287499999999982,1.5207420063902999,0.756832516029805,0.04223271400896645
91,8,LMM-2,4,9.75,2.0155644370746373,9.812499999999982,1.9147862152209028,0.7701891917826689,0.0606264991868175
92,2,LMM-1,4,9.0625,1.203835017766139,9.159375000000006,1.1436432668778336,0.8475477823770077,0.0263643405761279
92,2,LMM-2,4,9.0625,1.203835017766139,9.159375000000006,1.1436432668778336,0.8475381217528088,0.02634896726653466
92,4,LMM-1,4,9.0625,1.203835017766139,9.15937499999999,1.143643266877831,0.8273519950188517,0.030633811134431227
92,4,LMM-2,4,8.96875,1.364662847556128,9.070312499999991,1.2964297051783205,0.829838835096778,0.034490992976257545
92,6,LMM-1,4,9.0625,1.203835017766139,9.15937499999998,1.1436432668778296,0.8076390446345567,0.03486456119623175
92,6,LMM-2,4,9.0,1.3110110602126894,9.09999999999998,1.2454605072020528,0.8116724472269705,0.04097012663370168
92,8,LMM-1,4,9.0625,1.203835017766139,9.159374999999983,1.1436432668778298,0.7884841109453126,0.0388724261641681
92,8,LMM-2,4,9.015625,1.2842001097473088,9.114843749999983,1.219990104259941,0.7939271677911042,0.04695908801254833
93,2,LMM-1,4,12.25,1.299038105676658,12.187500000000009,1.2340862003928263,0.7988173303111888,0.00864864848071427
93,2,LMM-2,4,12.25,1.299038105676658,12.187500000000009,1.2340862003928263,0.7988173303111888,0.00864864848071427
93,4,LMM-1,4,12.25,1.299038105676658,12.187499999999986,1.2340862003928226,0.7652239109677951,0.01579140586580182
93,4,LMM-2,4,12.25,1.299038105676658,12.187499999999986,1.2340862003928226,0.7652239109677951,0.01579140586580182
93,6,LMM-1,4,12.25,1.299038105676658,12.187499999999972,1.234086200392822,0.7330694590054798,0.022398492515243597
93,6,LMM-2,4,12.25,1.299038105676658,12.187499999999972,1.234086200392822,0.7330694590054798,0.022398492515243597
93,8,LMM-1,4,11.25,1.0897247358851685,11.23749999999998,1.0352384990909087,0.7396519506638133,0.03128148498914535
93,8,LMM-2,4,11.25,1.0897247358851685,11.23749999999998,1.0352384990909087,0.7396519506638133,0.03128148498914535
94,2,LMM-1,4,11.375,1.5562374497485916,11.356250000000006,1.478425577261165,0.816566305069956,0.036441566664015004
94,2,LMM-2,4,5.375,4.979646071760523,5.450000000000004,4.849742261192861,0.9157580443502206,0.09262342722130595
94,4,LMM-1,4,11.375,1.5562374497485916,11.356249999999989,1.4784255772611596,0.7864512662546188,0.037998585377697035
94,4,LMM-2,4,5.46875,4.927898100356784,5.539062499999994,4.8005256365026,0.9014360522137728,0.1032209025984404
94,6,LMM-1,4,11.375,1.5562374497485916,11.356249999999974,1.4784255772611585,0.7573935624017385,0.03938086386891307
94,6,LMM-2,4,5.541666666666667,4.8909993866284625,5.608333333333321,4.76534801107606,0.8882317765041814,0.11368017894466179
94,8,LMM-1,4,11.375,1.5562374497485916,11.35624999999998,1.4784255772611596,0.7293580935167487,0.040598765600409946
94,8,LMM-2,4,5.5,4.911720676097125,5.56874999999999,4.785112818680446,0.8777124974034602,0.1248945299138293
95,2,LMM-1,4,9.9375,1.5039011769394957,9.990625000000005,1.4287061180925222,0.8337441017177606,0.031896958142550065
95,2,LMM-2,4,9.9375,1.5039011769394957,9.990625000000005,1.4287061180925222,0.8337441017177606,0.031896958142550065
95,4,LMM-1,4,9.9375,1.5039011769394957,9.99062499999999,1.4287061180925196,0.8084968771427615,0.03481913651055868
95,4,LMM-2,4,9.625,1.7721808598447282,9.69374999999999,1.6835718168524902,0.8182865930620978,0.04318367102851426
95,6,LMM-1,4,9.9375,1.5039011769394957,9.990624999999978,1.4287061180925176,0.7839935010799876,0.037957223376719335
95,6,LMM-2,4,9.4375,1.9555609808952519,9.515624999999979,1.8577829318504853,0.8067151945921407,0.05867787342727211
95,8,LMM-1,4,10.25,1.6863421954040052,10.287499999999982,1.6020250856338034,0.7742867561009737,0.04207222489858526
95,8,LMM-2,4,9.71875,2.1621296648212383,9.782812499999983,2.0540231815801735,0.79455120518932,0.06279061948440565
96,2,LMM-1,4,12.625,0.649519052838329,12.54375000000001,0.6170431001964128,0.791230070111418,0.012534625224747391
96,2,LMM-2,4,12.625,0.649519052838329,12.54375000000001,0.6170431001964128,0.791230070111418,0.012534625224747391
96,4,LMM-1,4,12.625,0.649519052838329,12.543749999999987,0.6170431001964121,0.7490227990870714,0.016769732197083435
96,4,LMM-2,4,12.625,0.649519052838329,12.543749999999987,0.6170431001964121,0.7490227990870714,0.016769732197083435
96,6,LMM-1,4,12.625,0.649519052838329,12.543749999999973,0.6170431001964113,0.7089915033409719,0.02056684964027254
96,6,LMM-2,4,12.625,0.649519052838329,12.543749999999973,0.6170431001964113,0.7089915033409719,0.02056684964027254
96,8,LMM-1,4,12.625,0.649519052838329,12.543749999999978,0.6170431001964113,0.6710290128012526,0.023956619468790394
96,8,LMM-2,4,12.625,0.649519052838329,12.543749999999978,0.6170431001964113,0.6710290128012526,0.023956619468790394
97,2,LMM-1,4,10.375,0.649519052838329,10.406250000000007,0.6170431001964136,0.8183504352680742,0.02235738555460683
97,2,LMM-2,4,9.875,1.0231690964840563,9.931250000000006,0.9720106416598548,0.8271588412494286,0.02836968916824057
97,4,LMM-1,4,10.375,0.649519052838329,10.40624999999999,0.6170431001964121,0.7883664674096069,0.020741030243181465
97,4,LMM-2,4,9.625,1.243734296383275,9.693749999999989,1.1815475815641112,0.8114507146403391,0.038934985707007076
97,6,LMM-1,4,10.375,0.649519052838329,10.406249999999977,0.6170431001964113,0.7594021459659175,0.01919702258631282
97,6,LMM-2,4,9.625,1.243734296383275,9.693749999999978,1.1815475815641088,0.7894643962933992,0.04403009007177108
97,8,LMM-1,4,10.125,0.81967981553775,10.168749999999982,0.778695824760862,0.75808772862178,0.025417274484807306
97,8,LMM-2,4,9.4375,1.418350714738777,9.515624999999982,1.3474331790018363,0.7851547326999382,0.0522709794700064
98,2,LMM-1,4,9.75,0.5590169943749475,9.812500000000005,0.5310661446562001,0.8362830061992856,0.02610714288855368
98,2,LMM-2,4,8.5625,1.095088466745952,8.684375000000005,1.0403340434086545,0.8620821427348695,0.038109590829954965
98,4,LMM-1,4,9.75,0.5590169943749475,9.81249999999999,0.5310661446561996,0.8057255340983256,0.02868438368686181
98,4,LMM-2,4,8.625,1.0383279828647594,8.743749999999991,0.9864115837215192,0.8428731694122721,0.048051579976132075
98,6,LMM-1,4,9.75,0.5590169943749475,9.812499999999979,0.5310661446561991,0.7841156399833813,0.024812229718885175
98,6,LMM-2,4,8.083333333333334,1.586619397054981,8.229166666666648,1.5072884272022276,0.8412254828213604,0.05607869718615713
98,8,LMM-1,4,10.0,0.7071067811865476,10.049999999999983,0.671751442127219,0.7769650648211456,0.018473551988933596
98,8,LMM-2,4,7.609375,2.050331051775542,7.744531249999986,1.9981099162219966,0.8509656408225794,0.05480220437568201
99,2,LMM-1,4,12.0,1.5,11.950000000000008,1.4250000000000014,0.7833309642833799,0.03256496302043187
99,2,LMM-2,4,12.0,1.5,11.950000000000008,1.4250000000000014,0.7833309642833799,0.03256496302043187
99,4,LMM-1,4,12.0,1.5,11.949999999999987,1.4249999999999983,0.7395445304873514,0.03723405664004746
99,4,LMM-2,4,12.0,1.5,11.949999999999987,1.4249999999999983,0.7395445304873514,0.03723405664004746
99,6,LMM-1,4,12.0,1.5,11.949999999999974,1.424999999999997,0.6981386876019985,0.041330306510161216
99,6,LMM-2,4,12.0,1.5,11.949999999999974,1.424999999999997,0.6981386876019985,0.041330306510161216
99,8,LMM-1,4,12.0625,1.5649980031936144,12.009374999999979,1.4867481030339322,0.6705902672762905,0.03618147880970483
99,8,LMM-2,4,12.0625,1.5649980031936144,12.009374999999979,1.4867481030339322,0.6705902672762905,0.03618147880970483
100,2,LMM-1,4,9.6875,0.8904879280484379,9.753125000000004,0.845963531646017,0.8345387422099001,0.03111033276576078
100,2,LMM-2,4,9.4375,0.9742785792574935,9.515625000000005,0.9255646502946201,0.8473775819685321,0.03438152884989566
100,4,LMM-1,4,9.6875,0.8904879280484379,9.75312499999999,0.8459635316460157,0.802430687189752,0.03960194929978225
100,4,LMM-2,4,9.625,0.8385254915624212,9.693749999999989,0.7965992169842999,0.824957291485169,0.04469239538298994
100,6,LMM-1,4,9.75,0.8477912478906585,9.812499999999979,0.8054016854961243,0.8035577545279773,0.02775039214566267
100,6,LMM-2,4,9.25,0.8477912478906585,9.337499999999979,0.8054016854961241,0.827177648793044,0.031520722571074175
100,8,LMM-1,4,9.8125,0.8172935519138763,9.871874999999982,0.7764288743181817,0.7876575757347478,0.03015602718612544
100,8,LMM-2,4,9.359375,0.7320441734451549,9.441406249999982,0.6954419647728961,0.8087628101704847,0.025635782481846593
