Content,ID
dog_image23.jpg,165
dog_image42.jpg,186
dog_image25.jpg,167
dog_image13.jpg,154
dog_image18.jpg,159
dog_image15.jpg,156
dog_image41.jpg,185
dog_image48.jpg,192
dog_image2.jpg,161
dog_image47.jpg,191
dog_image20.jpg,162
cat_image49.jpg,143
cat_image10.jpg,101
cat_image17.jpg,108
cat_image29.jpg,121
cat_image13.jpg,104
cat_image18.jpg,109
cat_image50.jpg,145
dog_image24.jpg,166
dog_image11.jpg,152
cat_image32.jpg,125
dog_image33.jpg,176
cat_image41.jpg,135
cat_image48.jpg,142
cat_image40.jpg,134
cat_image42.jpg,136
dog_image27.jpg,169
dog_image36.jpg,179
dog_image22.jpg,164
cat_image25.jpg,117
cat_image1.jpg,100
cat_image27.jpg,119
cat_image45.jpg,139
dog_image50.jpg,195
cat_image39.jpg,132
cat_image34.jpg,127
dog_image40.jpg,184
dog_image3.jpg,172
cat_image24.jpg,116
cat_image47.jpg,141
dog_image26.jpg,168
cat_image30.jpg,123
dog_image9.jpg,199
cat_image12.jpg,103
dog_image39.jpg,182
dog_image44.jpg,188
dog_image10.jpg,151
cat_image2.jpg,111
cat_image15.jpg,106
cat_image5.jpg,144
dog_image5.jpg,194
cat_image6.jpg,146
dog_image45.jpg,189
cat_image44.jpg,138
cat_image37.jpg,130
dog_image34.jpg,177
cat_image20.jpg,112
dog_image17.jpg,158
dog_image12.jpg,153
cat_image33.jpg,126
dog_image28.jpg,170
cat_image11.jpg,102
dog_image31.jpg,174
dog_image37.jpg,180
